39453,1,1,0;7:17:0:P
39542,1,1,0;6:16:0:P
39631,1,1,0;6:17:0:P
39720,1,1,0;5:17:0:P
39809,1,1,0;4:17:0:P
39899,1,1,0;3:17:0:P
39987,1,1,0;2:17:0:P
40076,1,1,0;1:17:0:P
40165,1,1,0;0:17:0:P
40254,1,1,0;0:17:0:P
40343,1,1,0;0:17:0:P
40432,1,1,0;0:17:0:P
40521,1,1,0;0:16:72:P
40611,1,1,0;0:16:32:P
40699,1,1,0;0:16:32:P
40788,1,1,0;0:16:8:P
40877,1,1,0;1:16:8:P
40966,1,1,0;2:16:8:P
41055,1,1,0;3:16:8:P
41145,1,1,0;4:16:8:P
41233,1,1,0;4:16:8:P
41322,1,1,0;4:16:-8:P
41411,1,1,0;5:16:-8:P
41500,1,1,0;5:16:-8:P
41589,1,1,0;6:16:-8:P
41678,1,1,0;6:16:-8:P
41767,1,1,0;6:15:-8:P
41856,1,1,0;7:15:-8:P
41945,1,1,0;7:15:-8:P
42034,1,1,0;7:15:0:P
42123,1,1,0;7:15:0:P
42212,1,1,0;6:15:0:P
42301,1,1,0;6:14:0:P
42390,1,1,0;5:14:0:P
42479,1,1,0;5:14:0:P
42568,1,1,0;4:14:0:P
42657,1,1,0;4:14:0:P
42746,1,1,0;4:14:0:P
42835,1,1,0;3:14:0:P
42924,1,1,0;3:14:0:P
43013,1,1,0;3:14:0:P
43101,1,1,0;2:13:0:P
43191,1,1,0;2:13:0:P
43280,1,1,0;2:13:0:P
43369,1,1,0;1:13:0:P
43458,1,1,0;1:13:0:P
43547,1,1,0;0:13:0:P
43636,1,1,0;0:13:0:P
43725,1,1,0;0:13:0:P
43814,1,1,0;-1:13:0:P
43903,1,1,0;-1:13:0:P
43992,1,1,0;-2:12:0:P
44094,1,1,0;-2:12:0:P
44170,1,1,0;-2:12:0:P
44259,1,1,0;-2:13:0:P
44348,1,1,0;-2:13:0:P
44437,1,1,0;-3:13:0:P
44526,1,1,0;-3:13:8:P
44615,1,1,0;-3:13:0:P
44704,1,1,0;-2:13:0:P
44793,1,1,0;-1:13:0:P
44882,1,1,0;0:13:0:P
44971,1,1,0;0:13:0:P
45059,1,1,0;1:13:0:P
45149,1,1,0;1:13:0:P
45237,1,1,0;1:13:0:P
45327,1,1,0;1:14:0:P
45415,1,1,0;1:14:0:P
45504,1,1,0;1:14:0:P
45593,1,1,0;1:15:0:P
45682,1,1,0;1:15:0:P
45772,1,1,0;1:16:0:P
45861,1,1,0;1:16:0:P
45950,1,1,0;0:16:-16:P
46039,1,1,0;0:16:-16:P
46127,1,1,0;0:16:-16:P
46217,1,1,0;-1:16:-16:P
46306,1,1,0;-1:16:-16:P
46395,1,1,0;-2:16:8:P
46483,1,1,0;-2:16:8:P
46572,1,1,0;-1:16:8:P
46662,1,1,0;-1:16:39:P
46751,1,1,0;0:16:39:P
46839,1,1,0;0:16:39:P
46928,1,1,0;0:15:39:P
47017,1,1,0;1:16:8:P
47107,1,1,0;2:16:0:P
47195,1,1,0;3:16:-8:P
47284,1,1,0;4:16:-8:P
47373,1,1,0;5:16:-8:P
47462,1,1,0;6:16:-8:P
47551,1,1,0;6:16:-8:P
47640,1,1,0;6:17:0:P
47729,1,1,0;5:18:8:P
47818,1,1,0;5:19:0:P
47907,1,1,0;4:20:0:P
47996,1,1,0;3:21:0:P
48085,1,1,0;2:21:0:P
48174,1,1,0;1:22:0:P
48263,1,1,0;2:22:0:P
48352,1,1,0;2:22:0:P
48442,1,1,0;3:22:0:P
48530,1,1,0;4:21:0:P
48619,1,1,0;5:21:0:P
48709,1,1,0;6:21:8:P
48797,1,1,0;6:21:0:P
48886,1,1,0;7:21:8:P
48975,1,1,0;6:22:0:P
49064,1,1,0;4:23:0:P
49153,1,1,0;3:23:0:P
49242,1,1,0;1:23:0:P
49331,1,1,0;0:24:0:P
49420,1,1,0;0:23:-8:P
49509,1,1,0;0:24:0:P
49598,1,1,0;0:24:0:P
49687,1,1,0;0:24:0:P
49776,1,1,0;0:24:0:P
49865,1,1,0;0:24:8:P
49954,1,1,0;0:24:-72:P
50043,1,1,0;1:24:-72:P
50132,1,1,0;2:23:-56:P
50222,1,1,0;2:23:-16:P
50310,1,1,0;1:23:-16:P
50399,1,1,0;0:23:-16:P
50488,1,1,0;0:23:-16:P
50577,1,1,0;-1:23:-16:P
50666,1,1,0;-2:23:-8:P
50755,1,1,0;-2:22:-8:P
50844,1,1,0;-3:22:-8:P
50933,1,1,0;-3:21:-8:P
51022,1,1,0;-4:21:-8:P
51111,1,1,0;-4:21:0:P
51200,1,1,0;-4:20:0:P
51288,1,1,0;-5:20:0:P
51378,1,1,0;-5:20:0:P
51467,1,1,0;-5:19:0:P
51555,1,1,0;-6:19:0:P
51645,1,1,0;-6:19:0:P
51734,1,1,0;-6:19:0:P
51823,1,1,0;-6:18:0:P
51911,1,1,0;-7:18:0:P
52001,1,1,0;-7:18:0:P
52090,1,1,0;-7:18:0:P
52178,1,1,0;-8:18:0:P
52268,1,1,0;-8:17:0:P
52356,1,1,0;-8:17:0:P
52445,1,1,0;-8:17:0:P
52534,1,1,0;-8:17:0:P
52624,1,1,0;-9:17:0:P
52713,1,1,0;-9:17:0:P
52802,1,1,0;-9:17:0:P
52890,1,1,0;-9:16:0:P
52979,1,1,0;-9:16:0:P
53068,1,1,0;-10:16:-8:P
53157,1,1,0;-10:16:-8:P
53246,1,1,0;-11:16:-8:P
53336,1,1,0;-11:16:0:P
53424,1,1,0;-11:16:0:P
53513,1,1,0;-11:16:0:P
53602,1,1,0;-12:16:0:P
53692,1,1,0;-12:16:0:P
53780,1,1,0;-13:16:0:P
53869,1,1,0;-13:16:0:P
53958,1,1,0;-13:16:0:P
54048,1,1,0;-14:16:0:P
54136,1,1,0;-14:16:-8:P
54225,1,1,0;-14:16:-8:P
54315,1,1,0;-14:16:-16:P
54404,1,1,0;-14:16:-16:P
54493,1,1,0;-14:16:-16:P
54581,1,1,0;-14:16:-16:P
54670,1,1,0;-14:16:-16:P
54759,1,1,0;-13:16:-16:P
54848,1,1,0;-14:16:79:P
54938,1,1,0;-14:16:39:P
55026,1,1,0;-13:17:-8:P
55115,1,1,0;-11:17:-8:P
55204,1,1,0;-10:18:8:P
55293,1,1,0;-9:19:0:P
55382,1,1,0;-9:19:0:P
55471,1,1,0;-8:19:0:P
55560,1,1,0;-8:19:0:P
55649,1,1,0;-8:19:0:P
55738,1,1,0;-7:19:0:P
55827,1,1,0;-6:19:0:P
55916,1,1,0;-6:19:0:P
56005,1,1,0;-6:20:0:P
56094,1,1,0;-6:20:0:P
56183,1,1,0;-6:21:0:P
56272,1,1,0;-6:21:0:P
56361,1,1,0;-6:22:0:P
56450,1,1,0;-6:22:0:P
56539,1,1,0;-6:22:0:P
56628,1,1,0;-6:22:0:P
56717,1,1,0;-6:22:0:P
56806,1,1,0;-7:22:-8:P
56895,1,1,0;-8:22:-8:P
56984,1,1,0;-9:22:-8:P
57073,1,1,0;-9:22:8:P
57162,1,1,0;-8:22:0:P
57251,1,1,0;-6:22:0:P
57340,1,1,0;-4:22:0:P
57429,1,1,0;-3:22:0:P
57518,1,1,0;-2:22:0:P
57607,1,1,0;-2:22:0:P
57696,1,1,0;-1:22:0:P
57785,1,1,0;-1:22:0:P
57874,1,1,0;-1:22:0:P
57963,1,1,0;-1:23:0:P
58052,1,1,0;-1:23:0:P
58140,1,1,0;-1:23:0:P
58230,1,1,0;-1:23:0:P
58319,1,1,0;0:23:0:P
58407,1,1,0;0:23:0:P
58497,1,1,0;0:23:8:P
58585,1,1,0;0:23:8:P
58675,1,1,0;0:23:0:P
58764,1,1,0;0:24:0:P
58853,1,1,0;0:24:0:P
58941,1,1,0;0:24:0:P
59030,1,1,0;-1:25:0:P
59120,1,1,0;0:25:8:P
59208,1,1,0;0:25:8:P
59298,1,1,0;0:24:8:P
59387,1,1,0;0:25:0:P
59476,1,1,0;0:25:0:P
59565,1,1,0;1:25:8:P
59654,1,1,0;1:25:8:P
59742,1,1,0;1:26:8:P
59832,1,1,0;1:26:8:P
59920,1,1,0;1:27:0:P
60009,1,1,0;1:27:0:P
60099,1,1,0;1:28:0:P
60187,1,1,0;2:29:0:P
60277,1,1,0;2:29:0:P
60366,1,1,0;2:29:0:P
60454,1,1,0;1:29:0:P
60543,1,1,0;1:29:0:P
60633,1,1,0;2:30:-8:P
60721,1,1,0;2:30:-8:P
60811,1,1,0;2:30:-8:P
60899,1,1,0;3:29:-8:P
60988,1,1,0;3:29:-8:P
61077,1,1,0;3:29:8:P
61166,1,1,0;4:30:8:P
61255,1,1,0;4:30:8:P
61344,1,1,0;4:30:8:P
61433,1,1,0;5:30:8:P
61522,1,1,0;5:30:8:P
61611,1,1,0;5:30:8:P
61700,1,1,0;5:30:8:P
61789,1,1,0;6:30:0:P
61879,1,1,0;6:30:8:P
61967,1,1,0;6:30:-8:P
62056,1,1,0;5:31:8:P
62145,1,1,0;3:31:8:P
62234,1,1,0;1:31:8:P
62323,1,1,0;0:31:-8:P
62412,1,1,0;0:31:-8:P
62501,1,1,0;0:31:-8:P
62590,1,1,0;-1:31:-8:P
62679,1,1,0;-1:31:8:P
62768,1,1,0;0:30:8:P
62857,1,1,0;0:30:8:P
62946,1,1,0;0:30:-16:P
63035,1,1,0;0:30:8:P
63124,1,1,0;0:30:-8:P
63213,1,1,0;0:30:-8:P
63302,1,1,0;0:30:-8:P
63391,1,1,0;0:30:-8:P
63480,1,1,0;-1:30:0:P
63569,1,1,0;-1:31:0:P
63658,1,1,0;0:30:0:P
63747,1,1,0;0:30:0:P
63836,1,1,0;0:30:0:P
63925,1,1,0;0:29:0:P
64014,1,1,0;0:29:0:P
64103,1,1,0;0:29:0:P
64192,1,1,0;0:29:0:P
64281,1,1,0;1:28:0:P
64370,1,1,0;1:28:0:P
64459,1,1,0;1:28:0:P
64548,1,1,0;1:28:0:P
64637,1,1,0;2:27:0:P
64726,1,1,0;2:27:0:P
64814,1,1,0;2:27:0:P
64904,1,1,0;2:27:0:P
64993,1,1,0;3:27:0:P
65082,1,1,0;3:27:0:P
65171,1,1,0;3:27:0:P
65260,1,1,0;2:26:0:P
#MARCA,65295,1
65669,1,1,0;2:26:0:P
65670,1,1,0;2:26:0:P
65671,1,1,0;3:25:-8:P
65682,1,1,0;3:26:0:P
65705,1,1,0;3:26:0:P
65794,1,1,0;3:26:0:P
65883,1,1,0;4:26:0:P
65972,1,1,0;6:27:0:P
66061,1,1,0;7:28:0:P
66150,1,1,0;8:31:0:P
66239,1,1,0;3:35:0:P
66328,1,1,0;-1:37:0:P
66417,1,1,0;-4:41:0:P
66505,1,1,0;-4:41:0:P
66594,1,1,0;-4:41:0:P
66683,1,1,0;-4:41:0:P
66773,1,1,0;-4:40:0:P
#MARCA,66800,2
67179,1,1,0;-3:39:-8:P
67180,1,1,0;-3:38:0:P
67181,1,1,0;-3:38:0:P
67192,1,1,0;-3:38:0:P
67218,1,1,0;-3:38:0:P
67307,1,1,0;-4:38:0:P
67396,1,1,0;-4:38:0:P
67485,1,1,0;-5:37:0:P
67573,1,1,0;-6:36:0:P
67663,1,1,0;-7:36:0:P
67752,1,1,0;-8:37:0:P
67840,1,1,0;-9:37:0:P
67929,1,1,0;-10:38:0:P
68018,1,1,0;-11:38:0:P
68108,1,1,0;-12:38:-8:P
68197,1,1,0;-11:39:0:P
68285,1,1,0;-10:39:0:P
68374,1,1,0;-9:39:0:P
68463,1,1,0;-8:39:0:P
68552,1,1,0;-7:38:0:P
68641,1,1,0;-6:38:0:P
68730,1,1,0;-6:37:0:P
68819,1,1,0;-5:37:0:P
68908,1,1,0;-5:36:0:P
68997,1,1,0;-5:36:0:P
69086,1,1,0;-5:36:0:P
69175,1,1,0;-5:36:0:P
69264,1,1,0;-5:35:0:P
69353,1,1,0;-5:35:0:P
69442,1,1,0;-5:34:0:P
69531,1,1,0;-5:34:0:P
69620,1,1,0;-5:33:0:P
69709,1,1,0;-5:33:0:P
69798,1,1,0;-4:33:0:P
69887,1,1,0;-4:32:0:P
69976,1,1,0;-4:33:0:P
70065,1,1,0;-3:33:0:P
70154,1,1,0;-3:34:0:P
70243,1,1,0;-2:34:0:P
70332,1,1,0;-2:33:8:P
70421,1,1,0;-2:33:0:P
70510,1,1,0;-3:33:0:P
70599,1,1,0;-4:33:0:P
70688,1,1,0;-5:32:8:P
70777,1,1,0;-6:33:8:P
70866,1,1,0;-6:32:0:P
70955,1,1,0;-6:32:0:P
71044,1,1,0;-6:32:0:P
71133,1,1,0;-4:33:0:P
71222,1,1,0;-3:33:0:P
71311,1,1,0;-2:34:0:P
71400,1,1,0;0:36:0:P
71489,1,1,0;2:39:0:P
71578,1,1,0;5:41:0:P
71667,1,1,0;9:40:8:P
71756,1,1,0;12:39:8:P
71845,1,1,0;14:37:24:P
71934,1,1,0;16:36:8:P
72023,1,1,0;17:35:-16:P
72112,1,1,0;18:33:-8:P
72201,1,1,0;17:32:-8:P
72290,1,1,0;13:31:-16:P
72379,1,1,0;5:29:-16:P
72468,1,1,0;-1:27:-16:P
72557,1,1,0;-8:28:-16:P
72646,1,1,0;-13:28:-8:P
72735,1,1,0;-16:28:0:P
72824,1,1,0;-18:28:0:P
72913,1,1,0;-16:28:8:P
73002,1,1,0;-13:28:8:P
73091,1,1,0;-11:28:0:P
73180,1,1,0;-10:28:-8:P
73269,1,1,0;-9:27:0:P
73358,1,1,0;-8:27:0:P
73447,1,1,0;-7:27:0:P
73536,1,1,0;-7:27:0:P
73625,1,1,0;-7:27:0:P
73713,1,1,0;-7:27:0:P
73803,1,1,0;-7:27:-48:P
73892,1,1,0;-7:27:-8:P
73980,1,1,0;-7:27:-8:P
74070,1,1,0;-7:27:0:P
74159,1,1,0;-6:27:0:P
74248,1,1,0;-6:27:0:P
74336,1,1,0;-5:28:0:P
74426,1,1,0;-4:28:-8:P
74515,1,1,0;-4:28:-8:P
74604,1,1,0;-3:28:0:P
74693,1,1,0;-3:28:0:P
74782,1,1,0;-2:28:0:P
74870,1,1,0;-1:28:8:P
74960,1,1,0;0:28:8:P
75049,1,1,0;0:28:0:P
75138,1,1,0;1:28:0:P
75227,1,1,0;1:28:0:P
75316,1,1,0;0:28:0:P
75405,1,1,0;0:28:0:P
75493,1,1,0;0:28:0:P
75582,1,1,0;-1:28:0:P
75672,1,1,0;-5:28:0:P
75760,1,1,0;-4:28:0:P
75849,1,1,0;-3:27:0:P
75938,1,1,0;-2:27:0:P
76028,1,1,0;0:27:0:P
76116,1,1,0;0:27:0:P
76205,1,1,0;1:27:0:P
76294,1,1,0;2:27:0:P
76383,1,1,0;2:27:0:P
76472,1,1,0;1:27:0:P
76561,1,1,0;0:27:-8:P
76650,1,1,0;-4:27:-8:P
76739,1,1,0;-5:28:8:P
76828,1,1,0;-5:28:8:P
76917,1,1,0;-6:28:0:P
77006,1,1,0;-7:29:0:P
77095,1,1,0;-7:28:0:P
77184,1,1,0;-8:29:-8:P
77273,1,1,0;-9:29:0:P
77362,1,1,0;-9:28:0:P
77451,1,1,0;-10:28:0:P
77540,1,1,0;-10:28:0:P
77629,1,1,0;-10:28:8:P
77718,1,1,0;-10:28:0:P
77807,1,1,0;-11:28:0:P
77896,1,1,0;-11:28:0:P
77985,1,1,0;-10:29:0:P
78074,1,1,0;-9:29:0:P
78163,1,1,0;-8:30:0:P
78252,1,1,0;-8:30:0:P
78341,1,1,0;-8:31:0:P
78430,1,1,0;-7:31:0:P
78519,1,1,0;-7:31:0:P
78608,1,1,0;-7:32:0:P
78697,1,1,0;-7:32:0:P
78786,1,1,0;-6:33:0:P
78875,1,1,0;-5:34:0:P
78964,1,1,0;-4:35:0:P
79053,1,1,0;-3:35:0:P
79142,1,1,0;-2:35:0:P
79231,1,1,0;-2:35:0:P
79320,1,1,0;-1:35:8:P
79409,1,1,0;0:35:8:P
79498,1,1,0;-1:34:0:P
79587,1,1,0;-1:34:0:P
79676,1,1,0;-2:33:0:P
79765,1,1,0;-2:33:0:P
79854,1,1,0;-1:33:0:P
79942,1,1,0;0:34:0:P
80032,1,1,0;0:34:0:P
80121,1,1,0;1:35:0:P
80210,1,1,0;2:35:0:P
80298,1,1,0;3:36:0:P
80388,1,1,0;4:37:0:P
80476,1,1,0;5:37:0:P
80566,1,1,0;6:38:0:P
80655,1,1,0;7:38:0:P
80744,1,1,0;6:37:0:P
80833,1,1,0;5:37:0:P
80922,1,1,0;4:36:0:P
81011,1,1,0;0:35:0:P
81100,1,1,0;-2:35:0:P
81188,1,1,0;-5:33:0:P
81278,1,1,0;-9:32:0:P
81367,1,1,0;-11:31:0:P
81456,1,1,0;-13:30:0:P
81545,1,1,0;-14:29:-8:P
81634,1,1,0;-14:28:0:P
81723,1,1,0;-14:28:0:P
81811,1,1,0;-14:28:8:P
81901,1,1,0;-14:28:0:P
81989,1,1,0;-14:28:0:P
82079,1,1,0;-14:28:0:P
82167,1,1,0;-14:28:0:P
82256,1,1,0;-14:28:0:P
82345,1,1,0;-15:27:0:P
82434,1,1,0;-15:27:0:P
82524,1,1,0;-15:27:0:P
82612,1,1,0;-15:28:0:P
82702,1,1,0;-15:28:8:P
82790,1,1,0;-15:28:8:P
82879,1,1,0;-16:28:0:P
82968,1,1,0;-16:29:0:P
83058,1,1,0;-16:29:0:P
83146,1,1,0;-17:29:0:P
83235,1,1,0;-17:29:0:P
83324,1,1,0;-17:28:0:P
83413,1,1,0;-17:28:0:P
83502,1,1,0;-17:28:0:P
83591,1,1,0;-17:28:0:P
83680,1,1,0;-17:27:0:P
83769,1,1,0;-17:27:0:P
83859,1,1,0;-17:27:0:P
83947,1,1,0;-16:28:-8:P
84036,1,1,0;-15:28:-8:P
84125,1,1,0;-14:28:-8:P
84214,1,1,0;-13:28:0:P
84303,1,1,0;-13:28:0:P
84392,1,1,0;-12:28:0:P
84481,1,1,0;-12:28:0:P
84570,1,1,0;-12:28:-8:P
84659,1,1,0;-12:28:0:P
84748,1,1,0;-11:28:0:P
84837,1,1,0;-12:28:0:P
84926,1,1,0;-12:28:0:P
85015,1,1,0;-11:29:0:P
85104,1,1,0;-11:29:0:P
85193,1,1,0;-9:29:-8:P
85282,1,1,0;-8:29:0:P
85371,1,1,0;-8:30:0:P
85460,1,1,0;-7:30:0:P
85550,1,1,0;-6:30:0:P
85638,1,1,0;-5:30:0:P
85727,1,1,0;-4:30:0:P
85816,1,1,0;-3:30:0:P
85905,1,1,0;-3:30:0:P
85994,1,1,0;-3:31:0:P
86083,1,1,0;-4:31:0:P
86172,1,1,0;-4:31:0:P
86261,1,1,0;-5:31:0:P
86350,1,1,0;-5:30:-8:P
86439,1,1,0;-6:30:0:P
86528,1,1,0;-7:30:0:P
86617,1,1,0;-7:29:0:P
86706,1,1,0;-8:29:8:P
86795,1,1,0;-8:30:8:P
86884,1,1,0;-9:30:8:P
86973,1,1,0;-9:30:0:P
87062,1,1,0;-9:30:0:P
87151,1,1,0;-9:30:0:P
87240,1,1,0;-8:30:0:P
87329,1,1,0;-8:30:0:P
87418,1,1,0;-9:30:-8:P
87507,1,1,0;-9:30:0:P
87596,1,1,0;-9:29:0:P
87685,1,1,0;-10:29:0:P
87774,1,1,0;-10:29:0:P
87863,1,1,0;-10:29:0:P
87952,1,1,0;-11:29:0:P
88041,1,1,0;-11:28:0:P
88130,1,1,0;-12:29:0:P
88219,1,1,0;-12:29:0:P
88307,1,1,0;-13:29:0:P
88397,1,1,0;-13:29:0:P
88486,1,1,0;-13:29:0:P
88575,1,1,0;-13:29:0:P
88664,1,1,0;-13:30:0:P
88752,1,1,0;-13:30:0:P
88842,1,1,0;-12:30:0:P
88930,1,1,0;-11:30:0:P
89020,1,1,0;-10:30:0:P
89108,1,1,0;-9:30:0:P
89198,1,1,0;-8:30:0:P
89287,1,1,0;-8:30:0:P
89375,1,1,0;-8:30:0:P
89465,1,1,0;-9:30:0:P
89553,1,1,0;-7:31:0:P
89643,1,1,0;-6:31:0:P
89732,1,1,0;-5:32:0:P
89820,1,1,0;-4:32:0:P
89909,1,1,0;-4:32:0:P
89998,1,1,0;-3:32:0:P
90088,1,1,0;-2:32:0:P
90176,1,1,0;-1:32:0:P
90266,1,1,0;-1:32:-8:P
90355,1,1,0;-1:32:0:P
90444,1,1,0;-2:32:0:P
90533,1,1,0;-2:32:0:P
90621,1,1,0;-3:31:0:P
90710,1,1,0;-4:31:8:P
90799,1,1,0;-4:31:8:P
90888,1,1,0;-5:31:0:P
90977,1,1,0;-5:31:-8:P
91066,1,1,0;-6:31:0:P
91155,1,1,0;-7:31:0:P
91244,1,1,0;-7:31:0:P
91333,1,1,0;-7:31:0:P
91422,1,1,0;-8:31:0:P
91511,1,1,0;-9:31:0:P
91601,1,1,0;-9:32:0:P
91689,1,1,0;-9:31:0:P
91778,1,1,0;-10:31:8:P
91867,1,1,0;-10:31:-8:P
91956,1,1,0;-10:31:8:P
92045,1,1,0;-10:31:0:P
92134,1,1,0;-11:31:0:P
92223,1,1,0;-11:31:0:P
92312,1,1,0;-11:31:0:P
92401,1,1,0;-12:31:-8:P
92490,1,1,0;-12:31:0:P
92579,1,1,0;-12:31:0:P
92668,1,1,0;-13:31:0:P
92757,1,1,0;-14:31:0:P
92846,1,1,0;-14:31:-8:P
92935,1,1,0;-15:31:0:P
93024,1,1,0;-15:31:0:P
93113,1,1,0;-16:31:8:P
93202,1,1,0;-16:31:0:P
93291,1,1,0;-16:31:0:P
93380,1,1,0;-16:31:0:P
93469,1,1,0;-15:31:0:P
93558,1,1,0;-15:31:0:P
93647,1,1,0;-14:31:0:P
93736,1,1,0;-13:31:8:P
93825,1,1,0;-13:31:8:P
93914,1,1,0;-13:31:0:P
94003,1,1,0;-12:31:-8:P
94092,1,1,0;-12:31:-8:P
94181,1,1,0;-11:31:0:P
94270,1,1,0;-11:31:0:P
94359,1,1,0;-11:31:-8:P
94448,1,1,0;-11:31:-8:P
94537,1,1,0;-11:31:0:P
94626,1,1,0;-11:31:-8:P
94715,1,1,0;-11:31:8:P
94804,1,1,0;-11:31:0:P
94893,1,1,0;-11:31:0:P
94982,1,1,0;-11:31:0:P
95071,1,1,0;-11:30:0:P
95160,1,1,0;-12:30:8:P
95249,1,1,0;-12:30:0:P
95338,1,1,0;-12:30:0:P
95427,1,1,0;-13:30:-8:P
95516,1,1,0;-13:30:-8:P
95605,1,1,0;-13:30:-8:P
95694,1,1,0;-13:30:0:P
95783,1,1,0;-12:30:0:P
95872,1,1,0;-10:30:0:P
95960,1,1,0;-9:30:0:P
96066,1,1,0;-5:31:0:P
96139,1,1,0;-3:32:0:P
96228,1,1,0;-3:32:0:P
96316,1,1,0;-4:32:0:P
96405,1,1,0;-4:32:0:P
96494,1,1,0;-4:32:0:P
96584,1,1,0;-4:32:0:P
96673,1,1,0;-4:33:0:P
96762,1,1,0;-4:32:0:P
96851,1,1,0;-4:32:0:P
96939,1,1,0;-5:32:0:P
97028,1,1,0;-5:32:0:P
97117,1,1,0;-6:31:0:P
97207,1,1,0;-6:31:0:P
97295,1,1,0;-7:31:0:P
97384,1,1,0;-7:31:0:P
97473,1,1,0;-7:32:0:P
97562,1,1,0;-8:32:0:P
97652,1,1,0;-8:31:0:P
97740,1,1,0;-9:31:0:P
97830,1,1,0;-9:31:0:P
97918,1,1,0;-10:30:0:P
98007,1,1,0;-10:30:8:P
98096,1,1,0;-10:31:0:P
98185,1,1,0;-11:31:0:P
98274,1,1,0;-11:30:0:P
98363,1,1,0;-12:30:0:P
98452,1,1,0;-12:30:0:P
98541,1,1,0;-13:30:0:P
98630,1,1,0;-13:30:0:P
98719,1,1,0;-13:30:0:P
98808,1,1,0;-13:30:-8:P
98897,1,1,0;-13:31:-8:P
98987,1,1,0;-13:31:8:P
99075,1,1,0;-13:31:8:P
99164,1,1,0;-13:31:8:P
99253,1,1,0;-14:30:0:P
99342,1,1,0;-14:30:0:P
99431,1,1,0;-14:30:0:P
99520,1,1,0;-15:30:0:P
99609,1,1,0;-15:29:0:P
99698,1,1,0;-15:29:0:P
99787,1,1,0;-15:29:0:P
99876,1,1,0;-16:29:0:P
99965,1,1,0;-16:28:0:P
100073,1,1,0;-16:28:0:P
100143,1,1,0;-15:27:0:P
100232,1,1,0;-15:27:0:P
100321,1,1,0;-15:27:0:P
100410,1,1,0;-15:27:0:P
100499,1,1,0;-15:27:0:P
100588,1,1,0;-14:28:0:P
100677,1,1,0;-15:27:0:P
100766,1,1,0;-15:28:0:P
100855,1,1,0;-14:28:0:P
100944,1,1,0;-14:28:0:P
101033,1,1,0;-14:28:0:P
101122,1,1,0;-14:27:0:P
101211,1,1,0;-13:27:0:P
101300,1,1,0;-13:27:0:P
101389,1,1,0;-13:27:0:P
101478,1,1,0;-12:26:0:P
101566,1,1,0;-12:26:0:P
101656,1,1,0;-12:26:0:P
101745,1,1,0;-11:26:0:P
101834,1,1,0;-11:26:0:P
101923,1,1,0;-11:26:0:P
102012,1,1,1;-11:27:0:P
102101,1,1,1;-11:27:0:P
102190,1,1,1;-11:27:0:P
102279,1,1,1;-11:27:0:P
102368,1,1,1;-11:27:0:P
102457,1,1,1;-12:27:0:P
102546,1,1,1;-13:27:0:P
102634,1,1,1;-13:27:0:P
102724,1,1,1;-13:27:0:P
102813,1,1,1;-14:27:0:P
102902,1,1,1;-14:27:0:P
102991,1,1,1;-14:26:0:P
103080,1,1,1;-14:26:0:P
103169,1,1,1;-14:26:0:P
103257,1,1,1;-14:26:0:P
103346,1,1,1;-13:26:0:P
103435,1,1,1;-13:27:0:P
103524,1,1,1;-13:27:0:P
103613,1,1,1;-12:28:0:P
103702,1,1,1;-12:28:0:P
103792,1,1,1;-12:28:0:P
103880,1,1,1;-12:29:0:P
103969,1,1,1;-11:29:0:P
104136,1,1,1;-11:29:0:P
104147,1,1,1;-11:30:0:P
104236,1,1,1;-11:30:0:P
104325,1,1,1;-11:29:0:P
104414,1,1,1;-11:29:-8:P
104503,1,1,1;-11:29:0:P
104592,1,1,1;-10:29:0:P
104681,1,1,1;-10:30:0:P
104770,1,1,1;-10:30:0:P
104859,1,1,1;-10:30:0:P
104948,1,1,1;-11:31:0:P
105037,1,1,1;-11:30:8:P
105126,1,1,1;-11:30:8:P
105215,1,1,1;-11:30:8:P
105304,1,1,1;-11:30:8:P
105393,1,1,1;-11:30:8:P
105482,1,1,1;-11:29:8:P
105571,1,1,1;-11:29:8:P
105660,1,1,1;-11:29:8:P
105749,1,1,1;-10:29:0:P
105838,1,1,1;-10:28:8:P
105927,1,1,1;-9:28:8:P
106016,1,1,1;-9:28:0:P
106105,1,1,1;-10:28:0:P
106194,1,1,1;-10:28:0:P
106283,1,1,1;-9:28:0:P
106372,1,1,1;-9:28:0:P
106461,1,1,1;-9:28:0:P
106550,1,1,1;-9:27:0:P
106639,1,1,1;-9:27:0:P
106728,1,1,1;-9:27:0:P
106817,1,1,1;-10:27:0:P
106906,1,1,1;-10:27:0:P
106995,1,1,1;-11:28:0:P
107083,1,1,1;-12:29:0:P
107173,1,1,1;-12:30:0:P
107262,1,1,1;-13:30:-8:P
107351,1,1,1;-13:30:-8:P
107439,1,1,1;-13:30:-8:P
107529,1,1,1;-14:30:0:P
107618,1,1,1;-14:30:0:P
107707,1,1,1;-14:30:0:P
107796,1,1,1;-14:30:0:P
107885,1,1,1;-14:30:0:P
107974,1,1,1;-14:31:0:P
108063,1,1,1;-15:32:0:P
108152,1,1,1;-15:32:0:P
108241,1,1,1;-16:33:0:P
108330,1,1,1;-16:32:0:P
108419,1,1,1;-16:32:0:P
108508,1,1,1;-16:32:0:P
108597,1,1,1;-15:32:0:P
108686,1,1,1;-15:31:0:P
108775,1,1,1;-15:31:0:P
108864,1,1,1;-14:31:0:P
108953,1,1,1;-13:31:0:P
109042,1,1,1;-13:31:0:P
109131,1,1,1;-12:31:0:P
109220,1,1,1;-12:31:8:P
109309,1,1,1;-12:31:0:P
109398,1,1,1;-12:31:-8:P
109487,1,1,1;-12:31:0:P
109576,1,1,1;-11:31:0:P
109665,1,1,1;-11:30:0:P
109754,1,1,1;-11:30:0:P
109843,1,1,1;-11:29:0:P
109931,1,1,1;-11:29:0:P
110020,1,1,1;-11:29:0:P
110109,1,1,1;-10:28:0:P
110199,1,1,1;-10:28:8:P
110287,1,1,1;-10:28:8:P
110377,1,1,1;-10:28:0:P
110465,1,1,1;-11:28:0:P
110555,1,1,1;-11:29:0:P
110643,1,1,1;-12:30:8:P
110733,1,1,1;-12:31:8:P
110822,1,1,1;-12:32:0:P
110911,1,1,1;-11:32:0:P
110999,1,1,1;-10:32:0:P
111088,1,1,1;-9:32:0:P
111177,1,1,1;-9:32:0:P
111266,1,1,1;-9:32:0:P
111356,1,1,1;-10:32:8:P
111444,1,1,1;-11:32:8:P
111533,1,1,1;-12:32:0:P
111622,1,1,1;-12:32:-8:P
111711,1,1,1;-11:32:0:P
111801,1,1,1;-10:31:0:P
111889,1,1,1;-10:32:0:P
111979,1,1,1;-9:32:0:P
112067,1,1,1;-8:32:0:P
112156,1,1,1;-8:32:0:P
112245,1,1,1;-8:32:0:P
112334,1,1,1;-8:32:8:P
112423,1,1,1;-9:32:0:P
112512,1,1,1;-9:32:0:P
112601,1,1,1;-10:32:0:P
112690,1,1,1;-10:32:0:P
112779,1,1,1;-10:32:0:P
112868,1,1,1;-10:32:0:P
112957,1,1,1;-10:32:0:P
113046,1,1,1;-10:32:0:P
113135,1,1,1;-11:32:0:P
113224,1,1,1;-11:32:0:P
113313,1,1,1;-11:33:0:P
113402,1,1,1;-11:33:0:P
113491,1,1,1;-12:33:0:P
113580,1,1,1;-12:33:0:P
113669,1,1,1;-12:33:0:P
113758,1,1,1;-13:33:0:P
113847,1,1,1;-13:33:0:P
113936,1,1,1;-13:33:0:P
114025,1,1,1;-14:33:0:P
114114,1,1,1;-14:32:0:P
114203,1,1,1;-14:32:0:P
114292,1,1,1;-14:31:0:P
114381,1,1,1;-14:31:0:P
114470,1,1,1;-14:30:0:P
114559,1,1,1;-14:30:0:P
114648,1,1,1;-14:29:0:P
114737,1,1,1;-14:29:0:P
114826,1,1,1;-14:29:0:P
114915,1,1,1;-13:30:0:P
115004,1,1,1;-13:30:0:P
115093,1,1,1;-12:31:0:P
115182,1,1,1;-11:31:0:P
115271,1,1,1;-10:31:0:P
115360,1,1,1;-8:31:0:P
115449,1,1,1;-7:31:0:P
115538,1,1,1;-6:32:0:P
115627,1,1,1;-6:32:0:P
115716,1,1,1;-5:32:0:P
115805,1,1,1;-4:31:0:P
115893,1,1,1;-3:31:0:P
115983,1,1,1;-2:30:0:P
116075,1,1,1;-1:30:0:P
116161,1,1,1;-1:30:0:P
116250,1,1,1;-2:30:0:P
116339,1,1,1;-3:30:0:P
116428,1,1,1;-7:31:0:P
116517,1,1,1;-18:34:0:P
116606,1,1,1;-27:36:0:P
116695,1,1,1;-28:36:0:P
116784,1,1,1;-28:35:0:P
116873,1,1,1;-24:37:0:P
116962,1,1,1;-17:44:0:P
117051,1,1,1;-9:49:0:P
117140,1,1,1;-3:54:0:P
117229,1,1,1;5:56:0:P
117318,1,1,0;16:53:0:P
117407,1,1,0;26:50:0:P
117496,1,1,0;23:45:0:P
117585,1,1,0;14:41:0:P
117673,1,1,0;6:39:0:P
117763,1,1,0;0:37:0:P
117852,1,1,0;-7:36:0:P
117941,1,1,0;-11:36:0:P
118030,1,1,0;-14:35:0:P
118119,1,1,0;-16:33:0:P
118207,1,1,0;-17:32:0:P
118297,1,1,0;-17:31:0:P
118386,1,1,0;-18:31:0:P
118474,1,1,0;-18:32:0:P
118564,1,1,0;-19:32:0:P
118652,1,1,0;-19:32:0:P
118741,1,1,0;-19:33:0:P
118830,1,1,0;-19:33:0:P
118920,1,1,0;-18:33:0:P
119008,1,1,0;-17:33:0:P
119098,1,1,0;-16:32:0:P
119186,1,1,0;-16:32:0:P
119275,1,1,0;-15:31:0:P
119364,1,1,0;-13:30:-8:P
119453,1,1,0;-9:29:0:P
119542,1,1,0;-6:29:-8:P
119631,1,1,0;-5:30:0:P
119722,1,1,0;-5:30:0:P
119809,1,1,0;-4:31:0:P
119898,1,1,0;-4:31:0:P
119987,1,1,0;-3:32:0:P
120084,1,1,0;-3:32:8:P
120165,1,1,0;-3:33:0:P
120254,1,1,0;-4:33:0:P
120343,1,1,0;-5:33:0:P
120432,1,1,0;-6:33:0:P
120521,1,1,0;-7:32:0:P
120610,1,1,0;-8:32:0:P
120699,1,1,0;-9:32:0:P
120788,1,1,0;-10:32:0:P
120877,1,1,0;-12:33:0:P
120966,1,1,0;-13:34:0:P
121055,1,1,0;-14:34:0:P
121144,1,1,0;-13:34:0:P
121233,1,1,0;-11:34:0:P
121322,1,1,0;-10:35:0:P
121411,1,1,0;-8:35:0:P
121500,1,1,0;-6:35:0:P
121589,1,1,0;-4:35:0:P
121678,1,1,0;1:36:0:P
121767,1,1,0;1:36:0:P
121856,1,1,0;0:35:0:P
121945,1,1,0;0:35:0:P
122034,1,1,0;-3:34:0:P
122123,1,1,0;0:34:0:P
122212,1,1,0;0:33:0:P
122301,1,1,0;1:33:0:P
122390,1,1,0;0:33:0:P
122479,1,1,0;-2:32:0:P
122568,1,1,0;-5:32:0:P
122657,1,1,0;-6:31:0:P
122746,1,1,0;-7:30:0:P
122835,1,1,0;-7:30:0:P
122924,1,1,0;-7:30:0:P
123013,1,1,0;-7:31:0:P
123102,1,1,0;-7:31:0:P
123190,1,1,0;-7:31:8:P
123280,1,1,0;-7:31:0:P
123369,1,1,0;-7:31:8:P
123458,1,1,0;-7:31:0:P
123547,1,1,0;-7:30:0:P
123636,1,1,0;-7:30:0:P
123724,1,1,0;-7:29:0:P
123814,1,1,0;-8:30:0:P
123903,1,1,0;-8:30:0:P
123992,1,1,0;-9:31:0:P
124081,1,1,0;-9:32:8:P
124170,1,1,0;-9:33:0:P
124258,1,1,0;-9:33:0:P
124348,1,1,0;-9:33:0:P
124437,1,1,0;-9:33:0:P
124526,1,1,0;-9:32:0:P
124614,1,1,0;-10:32:0:P
124704,1,1,0;-10:32:0:P
124793,1,1,0;-10:31:8:P
124882,1,1,0;-10:32:0:P
124971,1,1,0;-10:32:0:P
125060,1,1,0;-10:32:0:P
125148,1,1,0;-10:32:8:P
125238,1,1,0;-10:32:0:P
125327,1,1,0;-10:31:0:P
125416,1,1,0;-9:31:-8:P
125505,1,1,0;-9:31:0:P
125594,1,1,0;-10:32:0:P
125683,1,1,0;-10:32:0:P
125771,1,1,0;-9:32:0:P
125860,1,1,0;-9:33:0:P
125950,1,1,0;-9:33:0:P
126039,1,1,0;-9:33:0:P
126128,1,1,0;-10:33:0:P
126216,1,1,0;-10:32:0:P
126306,1,1,0;-10:32:0:P
126394,1,1,0;-10:32:8:P
126484,1,1,0;-11:32:0:P
126572,1,1,0;-11:33:0:P
126661,1,1,0;-11:34:0:P
126750,1,1,0;-12:34:0:P
126840,1,1,0;-12:34:0:P
126928,1,1,0;-13:35:0:P
127017,1,1,0;-13:35:0:P
127106,1,1,0;-13:35:0:P
127195,1,1,0;-14:36:0:P
127284,1,1,0;-14:36:0:P
127373,1,1,0;-14:35:0:P
127462,1,1,0;-14:35:0:P
127551,1,1,0;-15:35:0:P
127641,1,1,0;-15:35:0:P
127729,1,1,0;-15:34:0:P
127818,1,1,0;-16:34:0:P
127907,1,1,0;-16:34:0:P
127997,1,1,0;-16:33:0:P
128086,1,1,0;-17:33:0:P
128174,1,1,0;-17:33:0:P
128263,1,1,0;-18:33:0:P
128352,1,1,0;-18:33:0:P
128441,1,1,0;-18:32:0:P
128530,1,1,0;-19:32:0:P
128619,1,1,0;-19:32:0:P
128708,1,1,0;-19:32:8:P
128797,1,1,0;-19:31:0:P
128886,1,1,0;-19:31:0:P
128975,1,1,0;-19:31:0:P
129064,1,1,0;-20:30:0:P
129153,1,1,0;-20:30:0:P
129242,1,1,0;-21:30:0:P
129331,1,1,0;-22:30:0:P
129420,1,1,0;-23:30:0:P
129509,1,1,0;-24:30:0:P
129598,1,1,0;-25:30:0:P
129687,1,1,0;-25:30:-8:P
129776,1,1,0;-26:30:0:P
129865,1,1,0;-26:29:0:P
129954,1,1,0;-26:29:0:P
130043,1,1,0;-26:29:0:P
130132,1,1,0;-26:29:0:P
130221,1,1,0;-24:29:0:P
130310,1,1,0;-23:29:0:P
130399,1,1,0;-20:30:0:P
130488,1,1,0;-19:30:0:P
130577,1,1,0;-19:30:0:P
130666,1,1,0;-19:31:0:P
130755,1,1,0;-19:31:0:P
130844,1,1,0;-18:31:0:P
130933,1,1,0;-17:32:0:P
131022,1,1,0;-17:32:0:P
131111,1,1,0;-18:32:0:P
131200,1,1,0;-18:32:0:P
131289,1,1,0;-19:32:0:P
131378,1,1,0;-20:32:0:P
131467,1,1,0;-20:32:0:P
131556,1,1,0;-21:32:0:P
131645,1,1,0;-21:32:0:P
131734,1,1,0;-21:32:0:P
131823,1,1,0;-20:33:0:P
131912,1,1,0;-19:33:0:P
132001,1,1,0;-19:34:0:P
132090,1,1,0;-18:34:0:P
132179,1,1,0;-17:34:0:P
132268,1,1,0;-17:33:0:P
132356,1,1,0;-17:33:0:P
132445,1,1,0;-17:33:0:P
132535,1,1,0;-17:33:0:P
132623,1,1,0;-17:34:8:P
132713,1,1,0;-17:35:8:P
132801,1,1,0;-17:36:0:P
132891,1,1,0;-18:37:0:P
132979,1,1,0;-18:38:0:P
133069,1,1,0;-18:39:0:P
133157,1,1,0;-18:40:0:P
133246,1,1,0;-18:40:-8:P
133335,1,1,0;-18:40:0:P
133424,1,1,0;-17:40:0:P
133514,1,1,0;-17:39:0:P
133602,1,1,0;-17:39:0:P
133691,1,1,0;-17:38:0:P
133780,1,1,0;-18:38:0:P
133869,1,1,0;-18:37:0:P
133958,1,1,0;-18:37:0:P
134047,1,1,0;-18:37:0:P
134137,1,1,0;-18:36:0:P
134225,1,1,0;-17:36:0:P
134314,1,1,0;-17:35:0:P
134403,1,1,0;-17:35:0:P
134493,1,1,0;-17:34:0:P
134581,1,1,0;-17:34:0:P
134670,1,1,0;-17:34:0:P
134759,1,1,0;-18:34:0:P
134848,1,1,0;-18:33:0:P
134937,1,1,0;-18:33:0:P
135026,1,1,0;-18:33:0:P
135115,1,1,0;-19:33:0:P
135204,1,1,0;-19:33:0:P
135293,1,1,0;-19:33:0:P
135382,1,1,0;-19:33:0:P
135471,1,1,0;-18:32:0:P
135560,1,1,0;-18:32:0:P
135649,1,1,0;-19:32:0:P
135738,1,1,0;-19:32:0:P
135827,1,1,0;-19:31:0:P
135916,1,1,0;-19:31:0:P
136005,1,1,0;-17:31:0:P
136094,1,1,0;-15:31:0:P
136183,1,1,0;-13:32:0:P
136272,1,1,0;-11:32:0:P
136361,1,1,0;-11:32:0:P
136450,1,1,0;-12:32:0:P
136539,1,1,0;-13:32:0:P
136628,1,1,0;-13:32:0:P
136717,1,1,0;-15:31:0:P
136806,1,1,0;-15:30:0:P
136895,1,1,0;-16:30:0:P
136983,1,1,0;-16:30:0:P
137073,1,1,0;-16:30:0:P
137162,1,1,0;-16:30:0:P
137251,1,1,0;-17:30:8:P
137340,1,1,0;-17:30:0:P
137429,1,1,0;-17:30:0:P
137518,1,1,0;-17:30:0:P
137607,1,1,0;-18:30:0:P
137696,1,1,0;-18:29:0:P
137785,1,1,0;-18:29:-8:P
137874,1,1,0;-18:29:0:P
137963,1,1,0;-18:30:0:P
138052,1,1,0;-18:30:0:P
138141,1,1,0;-18:30:0:P
138230,1,1,0;-17:31:0:P
138319,1,1,0;-17:31:0:P
138408,1,1,0;-17:32:0:P
138497,1,1,0;-17:33:0:P
138586,1,1,0;-16:32:0:P
138675,1,1,0;-14:32:0:P
138763,1,1,0;-13:32:0:P
138853,1,1,0;-12:32:0:P
138941,1,1,0;-11:32:0:P
139031,1,1,0;-11:32:0:P
139120,1,1,0;-12:32:0:P
139209,1,1,0;-12:32:0:P
139297,1,1,0;-15:31:0:P
139386,1,1,0;-15:31:0:P
139475,1,1,0;-15:31:0:P
139565,1,1,0;-15:30:0:P
139654,1,1,0;-15:30:-8:P
139742,1,1,0;-15:30:-8:P
139831,1,1,0;-15:30:0:P
139921,1,1,0;-16:30:0:P
140010,1,1,0;-16:30:-16:P
140099,1,1,0;-16:30:24:P
140187,1,1,0;-16:30:39:P
140277,1,1,0;-17:30:-8:P
140365,1,1,0;-17:30:8:P
140455,1,1,0;-16:30:16:P
140544,1,1,0;-14:30:-24:P
140633,1,1,0;-12:30:-24:P
140721,1,1,0;-11:29:-24:P
140810,1,1,0;-9:29:-8:P
140900,1,1,0;-8:29:0:P
140988,1,1,0;-7:29:8:P
141078,1,1,0;-6:28:0:P
141166,1,1,0;-5:28:0:P
141255,1,1,0;-4:28:-39:P
141344,1,1,0;-4:29:-24:P
141434,1,1,0;-3:29:0:P
141522,1,1,0;-2:29:0:P
141611,1,1,0;-3:29:0:P
141700,1,1,0;-3:29:0:P
141789,1,1,0;-3:29:0:P
141878,1,1,0;-4:29:0:P
141967,1,1,0;-5:30:8:P
142057,1,1,0;-7:33:8:P
142145,1,1,0;-7:35:0:P
142234,1,1,0;-6:34:0:P
142323,1,1,0;-5:34:0:P
142412,1,1,0;-5:34:0:P
142501,1,1,0;-5:34:0:P
142590,1,1,0;-5:34:8:P
142679,1,1,0;-6:34:8:P
142768,1,1,0;-6:34:0:P
142857,1,1,0;-7:33:0:P
142946,1,1,0;-7:33:0:P
143035,1,1,0;-8:33:0:P
143124,1,1,0;-8:33:0:P
143213,1,1,0;-8:33:0:P
143302,1,1,0;-8:33:0:P
143391,1,1,0;-8:34:0:P
143480,1,1,0;-7:34:0:P
143569,1,1,0;-6:34:0:P
143658,1,1,0;-5:33:0:P
143747,1,1,0;-4:33:0:P
143836,1,1,0;-3:33:0:P
143925,1,1,0;-3:33:8:P
144014,1,1,0;-4:32:8:P
144103,1,1,0;-5:32:0:P
144192,1,1,0;-6:32:0:P
144281,1,1,0;-7:31:-8:P
144370,1,1,0;-7:31:8:P
144459,1,1,0;-6:31:-8:P
144548,1,1,0;-2:30:-8:P
144637,1,1,0;0:30:0:P
144726,1,1,0;4:31:0:P
144815,1,1,0;5:31:0:P
144904,1,1,0;7:32:0:P
144993,1,1,0;8:32:0:P
145082,1,1,0;10:32:0:P
145170,1,1,0;11:32:0:P
145260,1,1,0;12:32:0:P
145349,1,1,0;13:32:0:P
145438,1,1,0;13:32:0:P
145527,1,1,0;14:31:0:P
145616,1,1,0;15:31:0:P
145704,1,1,0;15:31:0:P
145794,1,1,0;15:31:0:P
145883,1,1,0;14:30:0:P
145972,1,1,0;14:30:0:P
146061,1,1,0;13:30:0:P
146150,1,1,0;13:30:0:P
146239,1,1,0;13:30:0:P
146328,1,1,0;13:30:0:P
146416,1,1,0;13:30:0:P
146506,1,1,0;13:30:0:P
146594,1,1,0;13:31:0:P
146683,1,1,0;13:31:0:P
146772,1,1,0;13:30:0:P
146862,1,1,0;14:30:0:P
146950,1,1,0;14:30:0:P
147039,1,1,0;15:30:0:P
147128,1,1,0;15:29:0:P
147217,1,1,0;15:29:0:P
147306,1,1,0;16:28:0:P
147395,1,1,1;16:28:0:P
147484,1,1,1;17:28:0:P
147573,1,1,1;17:27:0:P
147662,1,1,1;17:27:0:P
147751,1,1,1;18:27:0:P
147840,1,1,1;18:27:0:P
147929,1,1,1;18:26:0:P
148018,1,1,1;18:26:0:P
148107,1,1,1;18:26:0:P
148196,1,1,1;19:27:0:P
148285,1,1,1;18:28:-8:P
148374,1,1,1;18:30:-8:P
148463,1,1,1;18:31:0:P
148552,1,1,1;18:32:8:P
148641,1,1,1;19:32:8:P
148730,1,1,1;19:33:8:P
148819,1,1,1;19:34:8:P
148908,1,1,1;19:35:8:P
148997,1,1,1;19:35:8:P
149086,1,1,1;19:36:8:P
149175,1,1,1;19:37:0:P
149264,1,1,1;18:37:0:P
149353,1,1,1;17:38:0:P
149442,1,1,1;16:38:0:P
149531,1,1,1;15:38:0:P
149620,1,1,1;14:38:0:P
149709,1,1,1;13:38:0:P
149798,1,1,1;12:39:0:P
149886,1,1,1;11:39:0:P
149976,1,1,1;11:39:0:P
150065,1,1,1;10:39:0:P
150154,1,1,1;9:39:0:P
150243,1,1,1;9:39:0:P
150332,1,1,1;8:40:0:P
150421,1,1,1;7:40:0:P
150510,1,1,1;7:39:0:P
150599,1,1,1;7:39:0:P
150688,1,1,1;8:38:0:P
150777,1,1,1;9:38:0:P
150866,1,1,1;10:38:0:P
150955,1,1,1;11:38:0:P
151044,1,1,1;11:37:0:P
151133,1,1,1;11:37:0:P
151222,1,1,1;11:36:0:P
151310,1,1,1;12:36:0:P
151400,1,1,1;12:35:0:P
151488,1,1,1;12:35:0:P
151578,1,1,1;12:34:0:P
151667,1,1,1;12:34:0:P
151756,1,1,1;12:34:0:P
151845,1,1,1;12:33:0:P
151933,1,1,1;12:33:0:P
152023,1,1,1;12:32:0:P
152112,1,1,1;12:32:-8:P
152201,1,1,1;12:31:-8:P
152289,1,1,1;12:31:-8:P
152379,1,1,1;11:31:-8:P
152467,1,1,1;11:30:-8:P
152556,1,1,1;11:30:-8:P
152646,1,1,1;10:29:-8:P
152735,1,1,1;10:29:0:P
152824,1,1,1;9:29:0:P
152912,1,1,1;8:29:0:P
153002,1,1,1;8:29:0:P
153090,1,1,1;7:30:0:P
153180,1,1,1;7:30:0:P
153268,1,1,1;6:30:8:P
153358,1,1,1;6:30:0:P
153446,1,1,1;6:30:0:P
153535,1,1,1;5:30:0:P
153624,1,1,1;4:30:0:P
153713,1,1,1;3:30:0:P
153803,1,1,1;3:30:-8:P
153892,1,1,1;3:31:0:P
153981,1,1,1;3:31:0:P
154070,1,1,1;2:31:-8:P
154159,1,1,1;2:31:0:P
154248,1,1,1;2:32:0:P
154336,1,1,1;1:33:0:P
154425,1,1,1;0:34:0:P
154514,1,1,1;-2:37:0:P
154604,1,1,1;-3:39:0:P
154692,1,1,1;-2:43:0:P
154782,1,1,1;0:47:0:P
154870,1,1,1;0:49:0:P
154959,1,1,1;0:49:0:P
155049,1,1,1;0:50:0:P
155137,1,1,1;-1:50:0:P
155227,1,1,1;-2:51:0:P
155315,1,1,1;-3:51:0:P
155404,1,1,1;-2:51:0:P
155493,1,1,1;-1:50:0:P
155583,1,1,1;-1:49:0:P
155671,1,1,1;0:46:0:P
155760,1,1,1;0:46:0:P
155849,1,1,1;0:47:0:P
155938,1,1,1;0:47:0:P
156027,1,1,1;-1:48:0:P
156116,1,1,1;-3:49:0:P
156205,1,1,1;-5:50:0:P
156294,1,1,1;-7:51:0:P
156383,1,1,1;-8:52:0:P
156472,1,1,1;-10:53:0:P
156561,1,1,1;-12:54:0:P
156650,1,1,1;-13:55:0:P
156739,1,1,1;-15:56:0:P
156828,1,1,1;-16:56:0:P
156917,1,1,1;-17:57:0:P
157006,1,1,1;-18:58:0:P
157095,1,1,1;-19:58:0:P
157184,1,1,1;-20:59:0:P
157273,1,1,1;-21:59:0:P
157362,1,1,1;-22:60:0:P
157451,1,1,1;-22:60:0:P
157540,1,1,1;-23:61:0:P
157629,1,1,1;-22:61:0:P
157718,1,1,1;-21:61:0:P
157807,1,1,1;-20:61:0:P
157896,1,1,1;-19:61:0:P
157985,1,1,1;-18:61:0:P
158074,1,1,1;-17:61:0:P
158163,1,1,1;-16:61:0:P
158252,1,1,1;-14:61:0:P
158341,1,1,1;-14:61:0:P
158430,1,1,1;-13:61:0:P
158519,1,1,1;-12:61:0:P
158608,1,1,1;-11:61:0:P
158697,1,1,1;-10:61:0:P
158785,1,1,1;-9:61:0:P
158875,1,1,1;-8:61:0:P
158964,1,1,1;-7:61:0:P
159053,1,1,1;-7:61:0:P
159141,1,1,1;-7:61:0:P
159230,1,1,1;-7:61:0:P
159319,1,1,1;-7:61:0:P
159408,1,1,1;-7:61:0:P
159497,1,1,1;-7:61:0:P
159587,1,1,1;-7:61:0:P
159675,1,1,1;-7:61:0:P
159765,1,1,1;-7:61:0:P
159853,1,1,1;-7:61:0:P
159943,1,1,1;-7:59:0:P
160032,1,1,1;-7:58:0:P
160121,1,1,1;-6:57:0:P
160209,1,1,1;-6:55:0:P
160299,1,1,1;-6:54:0:P
160388,1,1,1;-6:53:0:P
160477,1,1,1;-5:52:0:P
160565,1,1,1;-5:51:0:P
160654,1,1,1;-5:51:0:P
160743,1,1,1;-5:50:0:P
160833,1,1,1;-5:49:0:P
160921,1,1,1;-6:49:0:P
161010,1,1,1;-6:48:0:P
161099,1,1,1;-6:48:0:P
161188,1,1,1;-6:47:0:P
161277,1,1,1;-7:47:0:P
161366,1,1,1;-7:46:0:P
161455,1,1,1;-7:46:0:P
161544,1,1,1;-7:45:0:P
161633,1,1,1;-8:45:0:P
161722,1,1,1;-8:45:0:P
161811,1,1,1;-8:44:0:P
161900,1,1,1;-8:44:0:P
161989,1,1,1;-8:44:0:P
162078,1,1,1;-9:43:0:P
162167,1,1,1;-9:43:0:P
162256,1,1,1;-9:43:0:P
162345,1,1,1;-9:43:0:P
162434,1,1,1;-9:43:0:P
162523,1,1,1;-9:43:0:P
162612,1,1,1;-9:43:0:P
162701,1,1,1;-9:43:0:P
162790,1,1,1;-9:43:0:P
162879,1,1,1;-9:43:0:P
162968,1,1,1;-9:43:0:P
163057,1,1,1;-9:43:0:P
163146,1,1,1;-9:43:0:P
163235,1,1,1;-9:43:0:P
163324,1,1,1;-6:43:8:P
163413,1,1,1;-4:43:8:P
163502,1,1,1;-2:43:8:P
163591,1,1,1;0:42:8:P
163680,1,1,1;2:42:8:P
163769,1,1,1;4:42:8:P
163858,1,1,1;6:42:8:P
163947,1,1,1;8:42:8:P
164036,1,1,1;10:42:8:P
164125,1,1,1;12:42:8:P
164214,1,1,1;14:42:8:P
164303,1,1,1;16:42:8:P
164392,1,1,1;17:41:8:P
164481,1,1,1;19:41:8:P
164570,1,1,1;20:41:8:P
164659,1,1,1;22:41:8:P
164748,1,1,1;22:41:0:P
164837,1,1,1;22:41:0:P
164926,1,1,1;22:41:0:P
165014,1,1,1;22:41:0:P
165104,1,1,1;22:41:0:P
165193,1,1,1;22:40:0:P
165282,1,1,1;21:40:0:P
165371,1,1,1;21:40:0:P
165460,1,1,1;20:39:0:P
165549,1,1,1;20:39:0:P
165638,1,1,1;19:39:0:P
165727,1,1,1;19:38:0:P
165816,1,1,1;19:38:0:P
165905,1,1,1;18:38:0:P
165994,1,1,1;18:37:0:P
166083,1,1,1;17:37:0:P
166172,1,1,1;17:36:0:P
166261,1,1,1;17:36:0:P
166350,1,1,1;16:36:0:P
166438,1,1,1;16:35:0:P
166528,1,1,1;16:35:0:P
166616,1,1,1;15:35:0:P
166705,1,1,1;15:34:0:P
166795,1,1,1;15:34:0:P
166884,1,1,1;14:34:0:P
166973,1,1,1;14:34:0:P
167061,1,1,1;14:33:0:P
167151,1,1,1;14:33:0:P
167239,1,1,1;13:33:0:P
167328,1,1,1;13:33:0:P
167417,1,1,1;13:33:0:P
167506,1,1,1;13:33:0:P
167595,1,1,1;13:33:0:P
167684,1,1,1;13:33:0:P
167773,1,1,1;13:33:0:P
167862,1,1,1;13:33:0:P
167951,1,1,1;13:33:0:P
168040,1,1,1;13:33:0:P
168173,1,1,1;13:33:0:P
168218,1,1,1;13:33:0:P
168307,1,1,1;13:33:0:P
168396,1,1,1;13:33:0:P
168486,1,1,1;12:32:0:P
168575,1,1,1;10:32:0:P
168663,1,1,1;9:32:0:P
168752,1,1,1;8:32:0:P
168842,1,1,1;7:31:-8:P
168930,1,1,1;7:32:0:P
169019,1,1,1;7:32:0:P
169108,1,1,1;7:33:0:P
169197,1,1,1;7:34:0:P
169286,1,1,1;7:34:0:P
169375,1,1,1;7:35:0:P
169464,1,1,1;7:35:0:P
169553,1,1,1;7:36:0:P
169642,1,1,1;7:36:0:P
169731,1,1,1;7:36:0:P
169820,1,1,1;7:37:0:P
169909,1,1,1;7:37:0:P
169998,1,1,1;7:37:0:P
170091,1,1,1;7:37:0:P
170176,1,1,1;8:37:0:P
170265,1,1,1;8:36:0:P
170354,1,1,1;9:36:0:P
170443,1,1,1;9:36:0:P
170532,1,1,1;9:36:0:P
170621,1,1,1;10:36:0:P
170710,1,1,1;9:35:0:P
170799,1,1,1;9:35:0:P
170888,1,1,1;8:35:0:P
170977,1,1,1;7:35:0:P
171066,1,1,1;6:34:0:P
171155,1,1,1;6:34:8:P
171244,1,1,1;6:34:16:P
171333,1,1,1;7:33:39:P
171422,1,1,1;8:33:56:P
171511,1,1,1;9:33:72:P
171600,1,1,1;10:33:72:P
171689,1,1,1;11:33:72:P
171778,1,1,1;11:33:8:P
171867,1,1,1;12:33:8:P
171956,1,1,1;11:34:0:P
172045,1,1,1;10:34:-8:P
172134,1,1,1;9:34:0:P
172223,1,1,1;8:35:0:P
172312,1,1,1;6:35:0:P
172401,1,1,1;5:35:0:P
172490,1,1,1;5:35:0:P
172579,1,1,1;4:35:16:P
172668,1,1,1;4:35:0:P
172757,1,1,1;3:36:-16:P
172846,1,1,1;1:36:-16:P
172935,1,1,1;0:37:-16:P
173024,1,1,1;-1:37:-16:P
173113,1,1,1;-3:38:-16:P
173202,1,1,1;-4:38:-8:P
173291,1,1,1;-3:38:8:P
173380,1,1,1;-1:37:8:P
173469,1,1,1;0:36:8:P
173558,1,1,1;0:36:8:P
173647,1,1,1;1:36:8:P
173736,1,1,1;1:36:8:P
173825,1,1,1;2:35:8:P
173914,1,1,1;3:35:8:P
174003,1,1,1;4:35:8:P
174098,1,1,1;5:35:8:P
174181,1,1,1;6:34:-8:P
174270,1,1,1;6:34:24:P
174359,1,1,1;6:33:-8:P
174448,1,1,1;7:32:-8:P
174537,1,1,1;7:31:-8:P
174626,1,1,1;7:31:0:P
174715,1,1,1;8:30:0:P
174804,1,1,1;8:30:0:P
174893,1,1,1;8:29:0:P
174981,1,1,1;9:29:0:P
175071,1,1,1;9:29:0:P
175160,1,1,1;10:28:0:P
175249,1,1,1;9:28:0:P
175338,1,1,1;9:28:0:P
175426,1,1,1;8:28:0:P
175515,1,1,1;7:28:0:P
175604,1,1,1;6:28:0:P
175693,1,1,1;5:29:0:P
175782,1,1,1;5:29:0:P
175871,1,1,1;4:29:0:P
175961,1,1,1;3:29:0:P
176049,1,1,1;2:28:0:P
176139,1,1,1;1:28:0:P
176227,1,1,1;1:27:0:P
176316,1,1,1;0:27:0:P
176406,1,1,1;0:26:0:P
176494,1,1,1;0:26:0:P
176583,1,1,1;0:26:0:P
176672,1,1,1;-1:25:0:P
176761,1,1,1;-1:25:0:P
176850,1,1,1;-1:25:0:P
176940,1,1,1;0:25:0:P
177028,1,1,1;0:25:0:P
177117,1,1,1;0:25:0:P
177206,1,1,1;1:25:-8:P
177295,1,1,1;2:25:-8:P
177384,1,1,1;4:25:-8:P
177473,1,1,1;5:25:-8:P
177562,1,1,1;6:25:-8:P
177651,1,1,1;7:25:-8:P
177740,1,1,1;7:25:0:P
177829,1,1,1;7:25:0:P
177918,1,1,1;6:25:0:P
178007,1,1,1;4:24:0:P
178106,1,1,1;3:24:0:P
178185,1,1,1;2:23:24:P
178274,1,1,1;2:23:24:P
178363,1,1,1;2:23:24:P
178452,1,1,1;3:22:32:P
178541,1,1,1;5:22:32:P
178630,1,1,1;5:22:0:P
178719,1,1,1;5:23:24:P
178808,1,1,1;5:24:24:P
178897,1,1,1;5:25:24:P
178986,1,1,1;3:25:8:P
179075,1,1,1;1:26:8:P
179164,1,1,1;-4:28:8:P
179253,1,1,1;-8:30:-16:P
179342,1,1,1;-7:31:-8:P
179431,1,1,1;-6:31:8:P
179520,1,1,1;-5:33:8:P
179609,1,1,1;-3:35:8:P
179698,1,1,1;-2:36:8:P
179787,1,1,1;-2:35:8:P
179876,1,1,1;-2:36:0:P
179965,1,1,1;-1:36:-8:P
180054,1,1,1;-1:37:-8:P
180143,1,1,1;0:38:0:P
180232,1,1,1;1:39:-8:P
180321,1,1,1;2:40:-24:P
180410,1,1,1;2:40:-8:P
180499,1,1,1;1:40:0:P
180588,1,1,1;0:40:0:P
180677,1,1,1;0:41:0:P
180766,1,1,1;-2:41:8:P
180855,1,1,1;-4:42:8:P
180944,1,1,1;-11:44:8:P
181033,1,1,1;-12:45:8:P
181122,1,1,1;-14:45:8:P
181211,1,1,1;-15:45:8:P
181300,1,1,1;-16:46:8:P
181389,1,1,1;-17:46:8:P
181478,1,1,1;-18:47:8:P
181567,1,1,1;-18:47:8:P
181656,1,1,1;-18:48:8:P
181745,1,1,1;-18:48:0:P
181834,1,1,1;-17:48:0:P
181923,1,1,1;-16:48:0:P
182012,1,1,1;-10:46:0:P
182110,1,1,1;-5:46:0:P
182190,1,1,1;2:46:0:P
182279,0,1,1;7:43:0:F
182368,0,1,1;10:40:0:F
182457,0,1,1;11:39:0:F
182546,0,1,1;13:38:0:F
182634,0,1,1;14:37:0:F
182723,1,1,0;15:36:0:P
182812,1,1,0;15:36:0:P
182902,1,1,0;14:36:0:P
182991,1,1,0;13:37:8:P
183079,1,1,0;11:37:8:P
183169,1,1,0;9:38:16:P
183257,1,1,0;3:42:8:P
183347,1,1,0;-2:47:0:P
183435,1,1,0;-13:62:-8:P
183525,1,1,0;-23:76:-8:P
183613,0,1,0;-31:88:0:X
183702,0,1,0;-34:91:0:X
183792,0,1,0;-33:92:0:X
183880,0,1,0;-33:91:-8:X
183970,0,1,0;-34:90:-8:X
184058,0,1,0;-35:89:-8:X
184147,0,1,0;-36:88:0:X
184236,0,1,0;-37:86:-8:X
184325,0,1,0;-37:84:-8:X
184414,0,1,0;-38:82:0:X
184503,1,1,0;-38:81:0:P
184592,1,1,0;-38:79:0:P
184681,1,1,0;-39:78:0:P
184771,1,1,0;-38:77:0:P
184859,1,1,0;-38:76:0:P
184948,1,1,0;-37:75:0:P
185037,1,1,0;-35:71:0:P
185126,1,1,0;-33:68:0:P
185215,1,1,0;-34:67:0:P
185304,1,1,0;-34:66:8:P
185393,1,1,0;-35:66:0:P
185482,1,1,0;-34:66:0:P
185571,1,1,0;-34:66:0:P
185660,1,1,0;-34:66:0:P
185749,1,1,0;-34:66:0:P
185838,1,1,0;-34:65:8:P
185927,1,1,0;-35:65:-8:P
186016,1,1,0;-35:64:-8:P
186120,1,1,0;-35:64:-8:P
186194,1,1,0;-34:64:0:P
186283,1,1,0;-33:64:-8:P
186372,1,1,0;-32:64:-16:P
186461,1,1,0;-28:64:0:P
186550,1,1,0;-24:64:0:P
186639,1,1,0;-27:61:0:P
186728,1,1,0;-28:60:8:P
186817,1,1,0;-29:60:0:P
186906,1,1,0;-29:60:0:P
186995,1,1,0;-30:60:0:P
187084,1,1,0;-30:60:0:P
187173,1,1,0;-31:59:8:P
187262,1,1,0;-31:59:16:P
187351,1,1,0;-31:59:8:P
187440,1,1,0;-32:60:0:P
187529,1,1,0;-32:61:0:P
187618,1,1,0;-32:61:8:P
187707,1,1,0;-31:61:0:P
187796,1,1,0;-30:61:0:P
187885,1,1,0;-28:60:8:P
187974,1,1,0;-27:57:0:P
188063,1,1,0;-25:54:0:P
188152,1,1,0;-24:53:0:P
188241,1,1,0;-24:53:0:P
188330,1,1,0;-24:53:0:P
188418,1,1,0;-24:53:0:P
188508,1,1,0;-23:54:0:P
188597,1,1,0;-22:54:0:P
188685,1,1,0;-21:55:0:P
188775,1,1,0;-20:55:0:P
188863,1,1,0;-19:54:-8:P
188952,1,1,0;-19:53:0:P
189042,1,1,0;-18:52:0:P
189130,1,1,0;-18:51:0:P
189220,1,1,0;-18:51:0:P
189308,1,1,0;-18:51:0:P
189397,1,1,0;-18:52:8:P
189487,1,1,0;-19:53:0:P
189576,1,1,0;-19:53:0:P
189664,1,1,0;-19:53:-8:P
189754,1,1,0;-19:54:0:P
189842,1,1,0;-19:54:0:P
189932,1,1,0;-18:54:8:P
190020,1,1,0;-18:54:8:P
190110,1,1,0;-18:54:0:P
190198,1,1,0;-18:54:0:P
190288,1,1,0;-18:53:0:P
190376,1,1,0;-19:53:0:P
190466,1,1,0;-20:53:-8:P
190555,1,1,0;-20:52:-8:P
190643,1,1,0;-20:52:0:P
190733,1,1,0;-20:51:0:P
190821,1,1,0;-21:51:0:P
190911,1,1,0;-21:51:0:P
191000,1,1,0;-21:51:0:P
191088,1,1,0;-20:51:0:P
191177,1,1,0;-20:51:0:P
191266,1,1,0;-21:52:0:P
191355,1,1,0;-21:52:-8:P
191444,1,1,0;-21:52:0:P
191534,1,1,0;-21:52:0:P
191622,1,1,0;-22:52:0:P
191711,1,1,0;-23:53:0:P
191800,1,1,0;-24:53:0:P
191889,1,1,0;-24:53:0:P
191978,1,1,0;-24:53:0:P
192067,1,1,0;-24:53:0:P
192157,1,1,0;-24:52:0:P
192245,1,1,0;-23:51:-8:P
192334,1,1,0;-23:50:-8:P
192423,1,1,0;-22:50:0:P
192512,1,1,0;-22:49:0:P
192601,1,1,0;-22:49:0:P
192690,1,1,0;-22:49:-8:P
192779,1,1,0;-23:49:0:P
192868,1,1,0;-25:49:0:P
192958,1,1,0;-26:50:0:P
193046,1,1,0;-26:49:-8:P
193135,1,1,0;-27:49:0:P
193224,1,1,0;-27:49:0:P
193313,1,1,0;-27:49:0:P
193402,1,1,0;-27:48:8:P
193491,1,1,0;-27:48:8:P
193580,1,1,0;-27:48:0:P
193669,1,1,0;-26:49:8:P
193758,1,1,0;-26:49:8:P
193847,1,1,0;-25:50:8:P
193936,1,1,0;-26:50:8:P
194025,1,1,0;-27:51:8:P
194116,1,1,0;-28:51:8:P
194203,1,1,0;-29:52:8:P
194292,1,1,0;-29:53:0:P
194381,1,1,0;-30:53:0:P
194470,1,1,0;-30:54:0:P
194559,1,1,0;-30:54:0:P
194648,1,1,0;-29:53:8:P
194737,1,1,0;-27:53:0:P
194826,1,1,0;-25:52:0:P
194915,1,1,0;-22:53:0:P
195004,1,1,0;-20:53:0:P
195093,1,1,0;-20:53:0:P
195182,1,1,0;-21:53:0:P
195271,1,1,0;-21:52:0:P
195359,1,1,0;-21:52:-8:P
195449,1,1,0;-21:51:0:P
195538,1,1,0;-21:51:0:P
195627,1,1,0;-21:51:0:P
195716,1,1,0;-21:51:-8:P
195805,1,1,0;-21:51:0:P
195894,1,1,0;-22:50:0:P
195982,1,1,0;-22:50:0:P
196072,1,1,0;-22:49:0:P
196161,1,1,0;-22:49:0:P
196249,1,1,0;-21:48:0:P
196339,1,1,0;-20:48:0:P
196428,1,1,0;-19:48:0:P
196517,1,1,0;-17:47:0:P
196606,1,1,0;-15:48:0:P
196695,1,1,0;-11:49:0:P
196783,1,1,0;-8:51:0:P
196873,1,1,0;-5:53:0:P
196961,1,1,0;-4:53:0:P
197050,1,1,0;-3:53:0:P
197140,1,1,0;-3:53:0:P
197228,1,1,0;-3:53:0:P
197317,1,1,0;-3:53:0:P
197406,1,1,0;-3:52:0:P
197495,1,1,0;-2:52:0:P
197585,1,1,0;-2:52:0:P
197674,1,1,0;-2:52:0:P
197762,1,1,0;-2:52:0:P
197851,1,1,0;-3:51:0:P
197940,1,1,0;-3:50:8:P
198029,1,1,0;-3:50:0:P
198124,1,1,0;-4:49:0:P
198207,1,1,0;-4:48:0:P
198296,1,1,0;-5:47:0:P
198385,1,1,0;-6:47:0:P
198474,1,1,0;-7:46:0:P
198563,1,1,0;-7:46:0:P
198652,1,1,0;-7:46:0:P
198741,1,1,0;-7:46:0:P
198830,1,1,0;-7:46:0:P
198919,1,1,0;-7:45:0:P
199008,1,1,0;-8:45:0:P
199097,1,1,0;-8:44:0:P
199186,1,1,0;-8:44:0:P
199275,1,1,0;-7:44:-8:P
199364,1,1,0;-7:44:-8:P
199453,1,1,0;-7:43:0:P
199542,1,1,0;-7:43:0:P
199631,1,1,0;-7:43:0:P
199720,1,1,0;-6:43:0:P
199809,1,1,0;-6:44:0:P
199898,1,1,0;-5:44:0:P
199987,1,1,0;-4:43:0:P
200076,1,1,0;-3:43:0:P
200165,1,1,0;-1:42:0:P
200254,1,1,0;0:41:0:P
200343,1,1,0;0:40:0:P
200432,1,1,0;1:40:0:P
200521,1,1,0;1:39:0:P
200610,1,1,0;1:39:0:P
200699,1,1,0;1:39:0:P
200788,1,1,0;1:38:0:P
200877,1,1,0;0:38:0:P
200966,1,1,0;0:38:0:P
201055,1,1,0;0:39:0:P
201144,1,1,0;0:39:0:P
201233,1,1,0;0:40:0:P
201322,1,1,0;0:40:0:P
201411,1,1,0;0:41:0:P
201500,1,1,0;0:42:0:P
201589,1,1,0;0:43:0:P
201678,1,1,0;0:43:0:P
201767,1,1,0;-1:43:0:P
201856,1,1,0;-1:43:0:P
201945,1,1,0;-1:43:0:P
202034,1,1,0;-2:43:0:P
202123,1,1,0;-2:42:0:P
202212,1,1,0;-3:42:0:P
202301,1,1,0;-4:42:0:P
202389,1,1,0;-4:42:0:P
202479,1,1,0;-4:42:0:P
202567,1,1,0;-4:42:0:P
202657,1,1,0;-4:41:-8:P
202745,1,1,0;-3:41:0:P
202835,1,1,0;-3:41:0:P
202924,1,1,0;-3:41:0:P
203013,1,1,0;-3:41:0:P
203102,1,1,0;-3:41:0:P
203191,1,1,0;-3:41:0:P
203280,1,1,0;-3:42:0:P
203368,1,1,0;-3:42:0:P
203458,1,1,0;-3:43:0:P
203546,1,1,0;-2:44:0:P
203635,1,1,0;-1:44:0:P
203725,1,1,0;-1:45:0:P
203813,1,1,0;0:44:0:P
203903,1,1,0;0:43:8:P
203991,1,1,0;0:42:8:P
204081,1,1,0;0:41:0:P
204169,1,1,0;1:40:0:P
204258,1,1,0;1:40:0:P
204347,1,1,0;1:39:0:P
204437,1,1,0;2:39:0:P
204525,1,1,0;2:40:0:P
204614,1,1,0;2:41:0:P
204703,1,1,0;3:41:0:P
204792,1,1,0;3:41:-8:P
204881,1,1,0;3:41:0:P
204970,1,1,0;2:40:0:P
205059,1,1,0;2:39:0:P
205148,1,1,0;2:39:-8:P
205237,1,1,0;2:39:0:P
205326,1,1,0;2:39:0:P
205415,1,1,0;2:39:0:P
205504,1,1,0;3:39:0:P
205593,1,1,0;3:38:-8:P
205682,1,1,0;2:38:-8:P
205771,1,1,0;2:37:-8:P
205860,1,1,0;3:37:0:P
205949,1,1,0;4:36:0:P
206038,1,1,0;4:36:0:P
206127,1,1,0;5:36:0:P
206216,1,1,0;5:37:0:P
206305,1,1,0;6:38:0:P
206394,1,1,0;6:38:0:P
206483,1,1,0;7:39:0:P
206572,1,1,0;7:40:-8:P
206662,1,1,0;7:41:0:P
206750,1,1,0;8:41:0:P
206839,1,1,0;9:41:-96:P
206928,1,1,0;10:41:-88:P
207017,1,1,0;10:40:-39:P
207106,1,1,0;11:39:-16:P
207195,1,1,0;11:38:-16:P
207284,1,1,0;11:37:-8:P
207373,1,1,0;12:36:-8:P
207462,1,1,0;12:36:-8:P
207551,1,1,0;12:35:8:P
207640,1,1,0;13:35:16:P
207729,1,1,0;13:34:16:P
207818,1,1,0;13:34:0:P
207907,1,1,0;14:33:0:P
207996,1,1,0;14:33:-8:P
208085,1,1,0;15:33:0:P
208174,1,1,0;16:33:0:P
208263,1,1,0;17:33:0:P
208352,1,1,0;18:33:0:P
208441,1,1,0;18:34:0:P
208530,1,1,0;20:34:0:P
208619,1,1,0;20:33:0:P
208708,1,1,0;20:33:0:P
208797,1,1,0;20:33:0:P
208886,1,1,0;20:32:0:P
208975,1,1,0;20:32:0:P
209063,1,1,0;20:31:0:P
209153,1,1,0;20:31:0:P
209242,1,1,0;19:31:0:P
209331,1,1,0;18:30:0:P
209420,1,1,0;17:30:0:P
209509,1,1,0;16:30:0:P
209597,1,1,0;16:29:0:P
209687,1,1,0;15:29:0:P
209775,1,1,0;14:29:0:P
209865,1,1,0;13:28:0:P
209954,1,1,0;13:28:0:P
210042,1,1,0;12:28:0:P
210132,1,1,0;12:28:0:P
210221,1,1,0;11:27:0:P
210309,1,1,0;10:27:0:P
210399,1,1,0;10:27:0:P
210488,1,1,0;9:27:0:P
210576,1,1,0;9:27:0:P
210665,1,1,0;9:27:0:P
210754,1,1,0;9:27:0:P
210843,1,1,0;9:27:0:P
210932,1,1,0;9:27:0:P
211021,1,1,0;9:27:0:P
211110,1,1,0;10:26:0:P
211200,1,1,0;10:26:0:P
211288,1,1,0;10:26:0:P
211378,1,1,0;10:25:-8:P
211466,1,1,0;9:25:-8:P
211555,1,1,0;8:25:-8:P
211644,1,1,0;7:24:-8:P
211734,1,1,0;6:24:0:P
211822,1,1,0;5:24:0:P
211911,1,1,0;5:24:0:P
212000,1,1,0;4:24:0:P
212089,1,1,0;4:24:0:P
212178,1,1,0;4:24:-8:P
212267,1,1,0;4:24:-8:P
212356,1,1,0;3:24:0:P
212446,1,1,0;3:24:0:P
212534,1,1,0;2:24:0:P
212623,1,1,0;1:23:0:P
212712,1,1,0;0:23:0:P
212801,1,1,0;0:23:0:P
212890,1,1,0;0:23:0:P
212979,1,1,0;0:23:0:P
213068,1,1,0;1:23:0:P
213157,1,1,0;1:23:0:P
213246,1,1,0;1:23:0:P
213335,1,1,0;2:23:0:P
213424,1,1,0;3:24:0:P
213513,1,1,0;7:24:0:P
213602,1,1,0;11:25:0:P
213691,1,1,0;13:25:0:P
213780,1,1,0;13:25:8:P
213869,1,1,0;12:25:8:P
213958,1,1,0;12:25:0:P
214047,1,1,0;12:25:0:P
214136,1,1,0;12:25:0:P
214225,1,1,0;12:26:0:P
214314,1,1,0;11:26:0:P
214403,1,1,0;11:26:0:P
214492,1,1,0;11:26:0:P
214581,1,1,1;11:27:0:P
214670,1,1,1;10:27:0:P
214759,1,1,1;11:27:0:P
214848,1,1,1;11:26:0:P
214936,1,1,1;11:26:0:P
215026,1,1,1;12:26:0:P
215115,1,1,1;12:25:0:P
215204,1,1,1;12:25:0:P
215293,1,1,1;11:25:0:P
215382,1,1,1;11:25:0:P
215471,1,1,1;10:25:-8:P
215560,1,1,1;10:25:-8:P
215649,1,1,1;10:25:-8:P
215738,1,1,1;9:25:-8:P
215827,1,1,1;9:25:-8:P
215915,1,1,1;9:24:-8:P
216005,1,1,1;8:25:0:P
216094,1,1,1;8:25:-8:P
216183,1,1,1;8:26:-8:P
216272,1,1,1;8:26:0:P
216361,1,1,1;8:26:0:P
216450,1,1,1;7:26:0:P
216538,1,1,1;7:26:0:P
216628,1,1,1;7:26:0:P
216717,1,1,1;6:25:0:P
216806,1,1,1;6:25:0:P
216895,1,1,1;6:26:0:P
216984,1,1,1;6:26:0:P
217073,1,1,2;6:26:0:P
217162,1,1,2;5:26:0:P
217251,1,1,2;4:25:0:P
217340,1,1,2;3:25:0:P
217429,1,1,2;2:25:0:P
217518,1,1,2;1:24:0:P
217607,1,1,2;1:24:0:P
217695,1,1,2;0:24:0:P
217785,1,1,2;1:25:0:P
217874,1,1,2;1:26:0:P
217963,1,1,2;2:27:0:P
218051,1,1,2;3:28:0:P
218141,1,1,2;4:28:0:P
218230,1,1,2;5:28:0:P
218319,1,1,2;6:28:0:P
218408,1,1,2;7:28:0:P
218496,1,1,2;8:28:0:P
218586,1,1,2;10:28:0:P
218675,1,1,2;11:29:0:P
218764,1,1,2;12:29:0:P
218852,1,1,2;12:29:0:P
218941,1,1,2;13:29:0:P
219030,1,1,2;14:30:0:P
219119,1,1,2;14:30:0:P
219208,1,1,2;15:30:0:P
219297,1,1,2;15:30:0:P
219386,1,1,2;16:31:0:P
219475,1,1,2;16:31:0:P
219564,1,1,2;15:32:0:P
219653,1,1,2;15:32:0:P
219742,1,1,2;15:33:0:P
219831,1,1,2;15:33:0:P
219920,1,1,2;14:34:0:P
220009,1,1,2;14:34:0:P
220098,1,1,2;14:35:0:P
220187,1,1,2;14:35:0:P
220276,1,1,2;13:36:0:P
220365,1,1,2;13:36:0:P
220454,1,1,2;13:37:0:P
220543,1,1,2;13:37:0:P
220632,1,1,2;13:37:0:P
220721,1,1,2;12:37:0:P
220810,1,1,2;12:37:0:P
220899,1,1,2;11:36:0:P
220988,1,1,2;10:35:0:P
221077,1,1,2;10:35:0:P
221166,1,1,2;9:34:0:P
221255,1,1,2;9:34:0:P
221344,1,1,2;8:33:0:P
221433,1,1,2;7:33:0:P
221522,1,1,2;6:32:0:P
221611,1,1,2;5:31:0:P
221700,1,1,2;5:31:0:P
221789,1,1,2;5:31:0:P
221878,1,1,2;5:31:0:P
221967,1,1,2;6:31:0:P
222056,1,1,2;7:32:0:P
222145,1,1,2;8:33:0:P
222234,1,1,2;9:34:0:P
222323,1,1,2;10:35:0:P
222412,1,1,2;11:35:0:P
222501,1,1,2;12:35:0:P
222590,1,1,2;12:36:0:P
222679,1,1,2;13:37:0:P
222768,1,1,2;14:38:0:P
222857,1,1,2;14:38:0:P
222946,1,1,2;15:39:0:P
223035,1,1,2;15:40:0:P
223124,1,1,2;16:41:0:P
223213,1,1,2;16:41:0:P
223302,1,1,2;16:42:0:P
223391,1,1,2;16:42:0:P
223479,1,1,2;16:42:0:P
223569,1,1,2;16:42:0:P
223658,1,1,2;15:42:0:P
223747,1,1,2;15:42:0:P
223836,1,1,2;15:42:0:P
223925,1,1,2;15:43:0:P
224013,1,1,2;15:43:0:P
224103,1,1,2;14:42:0:P
224192,1,1,2;14:43:0:P
224281,1,1,2;13:42:0:P
224370,1,1,2;12:42:0:P
224459,1,1,2;12:41:0:P
224547,1,1,2;11:41:0:P
224636,1,1,2;10:40:0:P
224725,1,1,2;9:39:0:P
224815,1,1,2;9:38:0:P
224904,1,1,2;9:37:0:P
224992,1,1,2;10:37:0:P
225081,1,1,2;11:36:8:P
225170,1,1,2;11:36:8:P
225259,1,1,2;12:35:8:P
225349,1,1,2;12:35:0:P
225437,1,1,2;13:35:0:P
225527,1,1,2;13:36:0:P
225616,1,1,2;14:37:0:P
225704,1,1,2;14:37:0:P
225793,1,1,2;15:37:0:P
225883,1,1,2;16:37:0:P
225971,1,1,2;16:36:0:P
226060,1,1,2;16:36:0:P
226153,1,1,2;16:36:0:P
226238,1,1,2;16:35:8:P
226328,1,1,2;15:35:0:P
226416,1,1,2;14:34:-8:P
226505,1,1,2;14:34:-8:P
226594,1,1,2;13:33:-8:P
226683,1,1,2;12:33:0:P
226772,1,1,2;12:33:0:P
226861,1,1,2;11:33:0:P
226950,1,1,2;11:33:0:P
227039,1,1,3;9:33:0:P
227128,1,1,4;8:32:0:P
227218,1,1,4;7:32:0:P
227306,1,1,4;6:31:0:P
227395,1,1,4;7:32:0:P
227484,1,1,4;8:32:0:P
227573,1,1,4;9:33:0:P
227662,1,1,4;9:34:0:P
227751,1,1,4;10:34:0:P
227841,1,1,4;10:34:0:P
227929,1,1,4;10:35:0:P
228018,1,1,4;10:35:0:P
228107,1,1,4;10:35:0:P
228196,1,1,4;10:36:0:P
228285,1,1,4;11:36:0:P
228374,1,1,4;11:37:0:P
228463,1,1,4;12:37:0:P
228552,1,1,4;13:37:0:P
228641,1,1,4;13:37:0:P
228730,1,1,4;13:37:0:P
228819,1,1,4;13:37:0:P
228908,1,1,4;14:37:0:P
228997,1,1,4;14:37:0:P
229086,1,1,4;14:37:0:P
229175,1,1,4;14:37:0:P
229264,1,1,4;14:38:0:P
229353,1,1,4;14:38:0:P
229442,1,1,4;14:39:0:P
229531,1,1,4;14:39:0:P
229620,1,1,4;15:39:0:P
229709,1,1,4;15:39:0:P
229797,1,1,4;15:39:0:P
229887,1,1,4;16:39:0:P
229976,1,1,4;16:38:0:P
230065,1,1,4;16:38:0:P
230154,1,1,4;15:38:0:P
230243,1,1,4;14:37:0:P
230332,1,1,4;13:37:0:P
230421,1,1,4;12:36:0:P
230510,1,1,4;11:35:0:P
230599,1,1,4;10:35:0:P
230688,1,1,4;9:34:0:P
230777,1,1,4;8:33:0:P
230866,1,1,4;7:33:0:P
230955,1,1,4;7:32:0:P
231043,1,1,4;7:32:0:P
231133,1,1,4;8:31:0:P
231222,1,1,4;8:31:0:P
231311,1,1,4;8:31:0:P
231400,1,1,4;8:31:0:P
231489,1,1,4;9:32:0:P
231578,1,1,4;10:32:0:P
231667,1,1,4;11:33:0:P
231755,1,1,4;12:33:0:P
231844,1,1,4;12:34:0:P
231934,1,1,4;13:35:0:P
232022,1,1,4;14:35:0:P
232111,1,1,4;15:35:0:P
232200,1,1,4;15:35:0:P
232290,1,1,4;16:36:0:P
232379,1,1,4;17:36:8:P
232468,1,1,4;17:36:0:P
232557,1,1,4;17:35:0:P
232645,1,1,4;17:35:0:P
232735,1,1,4;17:35:0:P
232823,1,1,4;16:35:0:P
232913,1,1,4;16:35:0:P
233001,1,1,4;15:36:0:P
233090,1,1,4;15:36:0:P
233179,1,1,4;15:36:0:P
233269,1,1,4;14:36:0:P
233357,1,1,4;13:37:0:P
233447,1,1,4;12:36:0:P
233535,1,1,4;11:36:-8:P
233624,1,1,4;11:36:-8:P
233713,1,1,4;10:35:-8:P
233802,1,1,4;10:35:0:P
233892,1,1,4;11:34:0:P
233980,1,1,4;12:34:0:P
234070,1,1,4;14:34:0:P
234158,1,1,4;15:35:0:P
234248,1,1,4;15:35:0:P
234336,1,1,4;16:37:0:P
234425,1,1,4;16:38:0:P
234514,1,1,4;16:37:0:P
234603,1,1,4;15:37:0:P
234692,1,1,4;15:37:0:P
234781,1,1,4;15:37:0:P
234870,1,1,4;16:37:0:P
234959,1,1,4;16:37:0:P
235048,1,1,4;17:39:0:P
235137,1,1,4;19:41:0:P
235226,1,1,4;19:42:0:P
235315,1,1,4;19:42:0:P
235404,1,1,4;19:42:0:P
235493,1,1,4;19:42:0:P
235582,1,1,4;20:43:0:P
235671,1,1,4;20:43:0:P
235760,1,1,4;20:43:0:P
235849,1,1,4;20:43:0:P
235938,1,1,4;20:44:0:P
236027,1,1,4;20:44:0:P
236116,1,1,4;20:44:0:P
236205,1,1,4;20:43:0:P
236294,1,1,4;21:43:0:P
236383,1,1,4;21:42:0:P
236472,1,1,4;21:42:0:P
236561,1,1,4;21:41:0:P
236650,1,1,4;20:40:0:P
236739,1,1,4;20:39:0:P
236828,1,1,4;20:38:0:P
236917,1,1,4;19:38:0:P
237006,1,1,4;18:37:0:P
237095,1,1,4;16:37:0:P
237184,1,1,4;15:37:0:P
237273,1,1,4;13:36:0:P
237362,1,1,4;12:36:0:P
237451,1,1,4;11:35:0:P
237540,1,1,4;12:34:0:P
237629,1,1,4;13:34:0:P
237718,1,1,4;14:34:0:P
237807,1,1,4;17:35:0:P
237896,1,1,4;20:37:0:P
237985,1,1,4;21:38:0:P
238074,1,1,4;20:38:-8:P
238163,1,1,4;20:38:0:P
238252,1,1,4;20:38:0:P
238341,1,1,4;20:39:0:P
238430,1,1,4;20:39:0:P
238518,1,1,4;20:39:0:P
238608,1,1,4;21:39:0:P
238697,1,1,4;21:40:0:P
238785,1,1,4;22:40:0:P
238875,1,1,4;22:41:0:P
238964,1,1,4;23:41:0:P
239052,1,1,4;23:41:0:P
239142,1,1,4;23:40:0:P
239230,1,1,4;24:40:0:P
239319,1,1,4;24:40:0:P
239408,1,1,4;24:39:0:P
239497,1,1,4;25:39:0:P
239586,1,1,4;25:39:0:P
239675,1,1,4;25:39:0:P
239764,1,1,4;26:38:0:P
239854,1,1,4;26:38:0:P
239942,1,1,4;26:38:0:P
240032,1,1,4;24:38:0:P
240136,1,1,4;22:37:0:P
240210,1,1,4;17:36:0:P
240298,1,1,4;17:36:0:P
240388,1,1,4;17:36:0:P
240477,1,1,4;18:36:0:P
240565,1,1,4;19:36:0:P
240654,1,1,4;20:36:0:P
240743,1,1,4;21:37:0:P
240832,1,1,4;21:36:-8:P
240921,1,1,4;21:36:-8:P
241010,1,1,4;22:36:0:P
241099,1,1,4;22:37:0:P
241188,1,1,4;22:37:0:P
241277,1,1,4;22:37:0:P
241366,1,1,4;22:37:0:P
241455,1,1,4;22:37:0:P
241544,1,1,4;22:37:0:P
241633,1,1,4;22:37:0:P
241722,1,1,4;21:37:0:P
241811,1,1,4;21:38:0:P
241900,1,1,4;21:38:0:P
241990,1,1,4;22:38:0:P
242078,1,1,4;23:38:0:P
242167,1,1,4;21:38:0:P
242256,1,1,4;20:37:0:P
242345,1,1,4;18:37:8:P
242434,1,1,4;17:36:8:P
242523,1,1,4;17:36:0:P
242612,1,1,4;17:36:8:P
242701,1,1,4;17:35:8:P
242790,1,1,4;17:35:8:P
242879,1,1,4;17:34:8:P
242969,1,1,4;17:34:0:P
243057,1,1,4;18:33:0:P
243146,1,1,4;18:33:0:P
243235,1,1,4;18:33:0:P
243324,1,1,4;18:32:-8:P
243413,1,1,4;18:32:-16:P
243502,1,1,4;18:32:-24:P
243591,1,1,4;18:31:-24:P
243680,1,1,4;18:31:-16:P
243769,1,1,4;18:30:-32:P
243858,1,1,4;18:30:-8:P
243947,1,1,4;18:30:8:P
244036,1,1,4;18:29:-8:P
#AVVIO,1315
1359,0,0,0
1448,0,0,0
1537,0,0,0
1626,0,0,0
1715,0,0,0
1804,0,0,0
1893,0,0,0
1982,0,0,0
2071,0,0,0
2160,0,0,0
2249,0,0,0
2338,0,0,0
2427,0,0,0
2516,0,0,0
2605,0,0,0
2693,0,0,0
2782,0,0,0
2872,0,0,0
2961,0,0,0
3049,0,0,0
3138,0,0,0
3228,0,0,0
3317,0,0,0
3406,0,0,0
3495,0,0,0
3584,0,0,0
3673,0,0,0
3761,0,0,0
3851,0,0,0
3940,0,0,0
4040,0,0,0
4118,0,0,0
4207,0,0,0
4295,0,0,0
4385,0,0,0
4474,0,0,0
4563,0,0,0
4651,0,0,0
4740,0,0,0
4829,0,0,0
4918,0,0,0
5007,0,0,0
5097,0,0,0
5186,0,0,0
5275,0,0,0
5364,0,0,0
5453,0,0,0
5541,0,0,0
5630,0,0,0
5719,0,0,0
5809,0,0,0
5898,0,0,0
5987,0,0,0
6075,0,0,0
6165,0,0,0
6253,0,0,0
6342,0,0,0
6431,0,0,0
6520,0,0,0
6609,0,0,0
6698,0,0,0
6788,0,0,0
6876,0,0,0
6965,0,0,0
7054,0,0,0
7144,0,0,0
7233,0,0,0
7321,0,0,0
7411,0,0,0
7500,0,0,0
7589,0,0,0
7677,0,0,0
7766,0,0,0
7855,0,0,0
7944,0,0,0
8033,0,0,0
8122,0,0,0
8211,0,0,0
8301,1,0,0;-28:23:-8:P
8390,1,1,0;-28:23:0:P
8478,1,1,0;-27:23:8:P
8568,1,1,0;-27:23:-8:P
8656,1,1,0;-26:24:-8:P
8745,1,1,0;-26:23:-8:P
8834,1,1,0;-26:23:-8:P
8924,1,1,0;-26:23:0:P
9012,1,1,0;-25:23:16:P
9101,1,1,0;-25:23:16:P
9190,1,1,0;-25:23:16:P
9279,1,1,0;-25:23:16:P
9368,1,1,0;-23:23:8:P
9458,1,1,0;-21:22:8:P
9546,1,1,0;-18:22:8:P
9636,1,1,0;-16:22:8:P
9724,1,1,0;-14:22:-16:P
9813,1,1,0;-13:22:0:P
9902,1,1,0;-12:23:8:P
9991,1,1,0;-10:24:16:P
10080,1,1,0;-8:26:24:P
10169,1,1,0;-2:34:24:P
10258,1,1,0;2:39:8:P
10347,1,1,0;1:39:8:P
10436,1,1,0;0:38:0:P
10526,1,1,0;0:37:-8:P
10614,1,1,0;-3:35:-16:P
10703,1,1,0;-7:34:0:P
10792,1,1,0;-9:33:8:P
10881,1,1,0;-11:32:24:P
10970,1,1,0;-11:32:24:P
11059,1,1,0;-10:31:32:P
11148,1,1,0;-9:31:-8:P
11237,1,1,0;-7:31:-8:P
11326,1,1,0;-6:31:-24:P
11415,1,1,0;-6:30:-24:P
11504,1,1,0;-5:30:-24:P
11593,1,1,0;-4:30:-24:P
11682,1,1,0;-4:30:-24:P
11771,1,1,0;-3:30:-24:P
11860,1,1,0;-3:29:0:P
11949,1,1,0;-3:29:0:P
12038,1,1,0;-2:29:8:P
12126,1,1,0;-2:29:8:P
12216,1,1,0;-1:29:8:P
12305,1,1,0;-1:28:0:P
12394,1,1,0;0:28:0:P
12483,1,1,0;0:28:0:P
12572,1,1,0;0:28:-32:P
12661,1,1,0;0:28:-32:P
12750,1,1,0;0:28:-16:P
12838,1,1,0;0:29:-8:P
12928,1,1,0;0:29:-16:P
13016,1,1,0;1:30:-16:P
13106,1,1,0;2:30:0:P
13194,1,1,0;2:29:0:P
13283,1,1,0;2:29:0:P
13373,1,1,0;2:29:0:P
13462,1,1,0;2:29:0:P
13550,1,1,0;2:28:8:P
13640,1,1,0;2:28:0:P
13729,1,1,0;2:28:0:P
13817,1,1,0;2:28:0:P
13906,1,1,0;2:28:0:P
13996,1,1,0;2:27:0:P
14085,1,1,0;2:27:-8:P
14174,1,1,0;2:27:24:P
14262,1,1,0;3:28:8:P
14351,1,1,0;2:28:-32:P
14440,1,1,0;2:28:-16:P
14530,1,1,0;2:29:-16:P
14618,1,1,0;1:29:24:P
14707,1,1,0;0:29:16:P
14796,1,1,0;0:28:24:P
14886,1,1,0;-1:28:32:P
14975,1,1,0;-2:28:39:P
15064,1,1,0;-3:28:39:P
15152,1,1,0;-4:29:64:P
15242,1,1,0;-4:29:-8:P
15330,1,1,0;-5:29:-16:P
15419,1,1,0;-6:29:-24:P
15508,1,1,0;-6:29:-16:P
15598,1,1,0;-7:29:-8:P
15687,1,1,0;-7:29:-8:P
15776,1,1,0;-7:29:-8:P
15865,1,1,0;-8:29:-8:P
15953,1,1,0;-8:29:24:P
16042,1,1,0;-9:29:32:P
16131,1,1,0;-9:29:32:P
16220,1,1,0;-10:30:32:P
16309,1,1,0;-11:30:16:P
16398,1,1,0;-13:30:16:P
16487,1,1,0;-14:30:-32:P
16576,1,1,0;-14:31:-48:P
16665,1,1,0;-14:31:-32:P
16754,1,1,0;-14:31:-24:P
16843,1,1,0;-15:30:-24:P
16932,1,1,0;-15:30:-16:P
17021,1,1,0;-15:30:39:P
17110,1,1,0;-15:30:8:P
17199,1,1,0;-15:30:8:P
17288,1,1,0;-16:29:8:P
17377,1,1,0;-16:29:-8:P
17466,1,1,0;-16:29:-8:P
17555,1,1,0;-16:29:8:P
17644,1,1,0;-16:29:0:P
17733,1,1,0;-17:29:8:P
17822,1,1,0;-17:29:16:P
17911,1,1,0;-17:29:8:P
18000,1,1,0;-17:29:8:P
18089,1,1,0;-17:29:24:P
18178,1,1,0;-17:29:16:P
18267,1,1,0;-17:30:32:P
18356,1,1,0;-17:30:32:P
18445,1,1,0;-17:30:24:P
18534,1,1,0;-18:31:24:P
18623,1,1,0;-18:31:16:P
18712,1,1,0;-18:32:8:P
18801,1,1,0;-17:32:0:P
18890,1,1,0;-17:32:-8:P
18979,1,1,0;-17:33:-24:P
19067,1,1,0;-17:33:-8:P
19157,1,1,0;-16:33:-8:P
19246,1,1,0;-16:33:-8:P
19335,1,1,0;-16:34:-8:P
19424,1,1,0;-17:34:-16:P
19512,1,1,0;-17:34:-32:P
19602,1,1,0;-17:34:-16:P
19690,1,1,0;-17:34:-16:P
19779,1,1,0;-17:34:-24:P
19869,1,1,0;-17:34:-24:P
19958,1,1,0;-17:33:-16:P
20047,1,1,0;-17:33:8:P
20136,1,1,0;-17:33:32:P
20225,1,1,0;-17:34:39:P
20313,1,1,0;-17:34:32:P
20403,1,1,0;-17:34:-8:P
20491,1,1,0;-18:34:-8:P
20581,1,1,0;-18:34:-8:P
20670,1,1,0;-18:34:16:P
20758,1,1,0;-18:34:-8:P
20847,1,1,0;-17:34:-16:P
20937,1,1,0;-17:34:-24:P
21026,1,1,0;-17:34:-8:P
21115,1,1,0;-17:34:32:P
21203,1,1,0;-17:34:16:P
21293,1,1,0;-17:34:8:P
21382,1,1,0;-17:34:-8:P
21471,1,1,0;-17:34:-8:P
21560,1,1,0;-17:34:0:P
21648,1,1,0;-17:34:16:P
21738,1,1,0;-17:34:-8:P
21827,1,1,0;-17:34:0:P
21916,1,1,0;-17:34:-16:P
22005,1,1,0;-17:33:-16:P
22093,1,1,0;-17:33:8:P
22183,1,1,0;-17:33:8:P
22271,1,1,0;-16:33:-8:P
22361,1,1,0;-16:34:-16:P
22449,1,1,0;-16:34:16:P
22539,1,1,0;-16:34:32:P
22627,1,1,0;-16:34:16:P
22717,1,1,0;-17:34:0:P
22806,1,1,0;-17:34:-8:P
22895,1,1,0;-17:35:16:P
22983,1,1,0;-17:35:8:P
23073,1,1,0;-17:35:8:P
23161,1,1,0;-16:36:-8:P
23250,1,1,0;-16:36:-8:P
23339,1,1,0;-15:36:-24:P
23428,1,1,0;-15:36:-16:P
23517,1,1,0;-14:36:-16:P
23606,1,1,0;-13:36:-16:P
23695,1,1,0;-12:36:-16:P
23784,1,1,0;-10:35:-16:P
23873,1,1,0;-10:35:32:P
23962,1,1,0;-9:34:16:P
24072,1,1,0;-9:34:-8:P
24140,1,1,0;-9:34:-8:P
24229,1,1,0;-9:35:-16:P
24318,1,1,0;-10:35:-56:P
24407,1,1,0;-10:35:-56:P
24496,1,1,0;-10:35:-24:P
24585,1,1,0;-9:34:16:P
24674,1,1,0;-9:34:32:P
24763,1,1,0;-9:34:64:P
24852,1,1,0;-8:34:-24:P
24941,1,1,0;-8:34:-48:P
25030,1,1,0;-8:34:-64:P
25119,1,1,0;-9:34:-32:P
25208,1,1,0;-9:33:-32:P
25297,1,1,0;-9:33:56:P
25386,1,1,0;-9:33:24:P
25475,1,1,0;-10:33:24:P
25564,1,1,0;-10:33:-48:P
25653,1,1,0;-10:33:-24:P
25742,1,1,0;-9:32:-24:P
25831,1,1,0;-9:32:56:P
25920,1,1,0;-9:32:16:P
26009,1,1,0;-9:32:39:P
26098,1,1,0;-9:32:-56:P
26187,1,1,0;-9:32:-32:P
26276,1,1,0;-9:32:-32:P
26365,1,1,0;-9:32:16:P
26454,1,1,0;-9:32:-8:P
26542,1,1,0;-9:32:-39:P
26632,1,1,0;-9:31:-32:P
26721,1,1,0;-9:31:0:P
26810,1,1,0;-9:30:0:P
26899,1,1,0;-9:30:56:P
26988,1,1,0;-9:30:24:P
27077,1,1,0;-9:30:-16:P
27166,1,1,0;-9:30:-39:P
27255,1,1,0;-8:30:-16:P
27344,1,1,0;-8:29:-16:P
27433,1,1,0;-8:29:16:P
27522,1,1,0;-8:29:-8:P
27611,1,1,0;-8:29:-24:P
27700,1,1,0;-8:28:-8:P
27789,1,1,0;-8:28:8:P
27878,1,1,0;-8:28:8:P
27967,1,1,0;-8:28:-8:P
28056,1,1,0;-9:28:-39:P
28145,1,1,0;-9:28:-16:P
28234,1,1,0;-9:28:56:P
28323,1,1,0;-9:28:56:P
28412,1,1,0;-9:28:39:P
28501,1,1,0;-9:29:0:P
28590,1,1,0;-9:29:-32:P
28679,1,1,0;-9:29:0:P
28768,1,1,0;-9:29:0:P
28857,1,1,0;-9:29:-8:P
28946,1,1,0;-9:29:-8:P
29034,1,1,0;-9:29:-32:P
29124,1,1,0;-9:29:-8:P
29213,1,1,0;-8:29:32:P
29302,1,1,0;-8:29:39:P
29391,1,1,0;-9:29:39:P
29480,1,1,0;-9:29:16:P
29569,1,1,0;-9:29:-16:P
29658,1,1,0;-9:30:-8:P
29747,1,1,0;-9:30:8:P
29836,1,1,0;-9:30:-24:P
29924,1,1,0;-9:30:-24:P
30046,1,1,0;-9:30:-8:P
30192,1,1,0;-9:29:32:P
30280,1,1,0;-9:30:16:P
30370,1,1,0;-9:30:8:P
30458,1,1,0;-9:30:-16:P
30548,1,1,0;-9:30:-8:P
30636,1,1,0;-9:30:8:P
30725,1,1,0;-9:30:8:P
30814,1,1,0;-9:30:-8:P
30903,1,1,0;-9:30:-24:P
30992,1,1,0;-9:30:-24:P
31081,1,1,0;-9:30:8:P
31170,1,1,0;-9:30:16:P
31259,1,1,0;-9:30:8:P
31348,1,1,0;-9:30:-8:P
31437,1,1,0;-9:30:-24:P
31526,1,1,0;-9:30:-16:P
31615,1,1,0;-9:30:-8:P
31704,1,1,0;-9:30:0:P
31793,1,1,0;-9:30:16:P
31882,1,1,0;-9:30:8:P
31971,1,1,0;-10:30:8:P
32060,1,1,0;-10:30:0:P
32149,1,1,0;-10:30:0:P
32238,1,1,0;-10:30:0:P
32328,1,1,0;-10:30:-8:P
32416,1,1,0;-10:30:0:P
32505,1,1,0;-10:30:0:P
32594,1,1,0;-10:30:8:P
32683,1,1,0;-10:30:16:P
32772,1,1,0;-10:30:8:P
32861,1,1,0;-10:30:-8:P
32950,1,1,0;-10:30:-16:P
33039,1,1,0;-10:31:-8:P
33129,1,1,0;-10:31:-16:P
33217,1,1,0;-10:31:-8:P
33306,1,1,0;-10:30:16:P
33395,1,1,0;-10:30:8:P
33484,1,1,0;-9:31:16:P
33573,1,1,0;-8:32:16:P
33662,1,1,0;-7:33:0:P
33751,1,1,0;-7:36:48:P
33840,1,1,0;-8:36:-8:P
33929,1,1,0;-8:36:8:P
34054,1,1,0;-9:36:8:P
34107,1,1,0;-8:36:8:P
34196,1,1,0;-8:36:-8:P
34285,1,1,0;-8:36:-16:P
34374,1,1,0;-8:35:-8:P
34463,1,1,0;-8:35:16:P
34552,1,1,0;-8:35:24:P
34641,1,1,0;-8:35:16:P
34730,1,1,0;-9:35:-8:P
34819,1,1,0;-9:35:-16:P
34908,1,1,0;-8:35:-16:P
34997,1,1,0;-8:35:8:P
35086,1,1,0;-8:35:8:P
35175,1,1,0;-8:35:16:P
35264,1,1,0;-8:35:16:P
35353,1,1,0;-9:34:-24:P
35442,1,1,0;-9:34:-24:P
35530,1,1,0;-8:34:-24:P
35620,1,1,0;-8:34:-24:P
35709,1,1,0;-8:34:-8:P
35798,1,1,0;-8:34:16:P
35887,1,1,0;-8:33:16:P
35976,1,1,0;-8:33:8:P
36065,1,1,0;-8:33:-8:P
36154,1,1,0;-8:33:-8:P
36243,1,1,0;-8:33:8:P
36332,1,1,0;-9:32:24:P
36420,1,1,0;-9:32:16:P
36509,1,1,0;-9:32:16:P
36599,1,1,0;-9:32:-16:P
36687,1,1,0;-9:32:-24:P
36777,1,1,0;-9:32:-16:P
36866,1,1,0;-9:32:8:P
36954,1,1,0;-9:32:39:P
37044,1,1,0;-8:32:39:P
37133,1,1,0;-8:32:56:P
37222,1,1,0;-7:33:32:P
37311,1,1,0;-6:33:8:P
37399,1,1,0;-4:33:8:P
37489,1,1,0;-3:32:-16:P
37577,1,1,0;-2:32:-16:P
37666,1,1,0;-1:31:-16:P
37755,1,1,0;0:31:-16:P
37844,1,1,0;0:30:-16:P
37933,1,1,0;0:30:0:P
38077,1,1,0;0:30:0:P
38111,1,1,0;0:29:0:P
38200,1,1,0;0:29:0:P
38289,1,1,0;0:28:0:P
38378,1,1,0;1:28:0:P
38467,1,1,0;1:27:0:P
38556,1,1,0;1:27:0:P
38645,1,1,0;2:26:0:P
38734,1,1,0;2:26:0:P
38823,1,1,0;2:26:0:P
38912,1,1,0;3:25:0:P
39001,1,1,0;3:25:0:P
39090,1,1,0;3:25:-16:P
39179,1,1,0;4:24:-16:P
39268,1,1,0;4:24:-16:P
39357,1,1,0;4:24:-16:P
39446,1,1,0;4:23:-16:P
39535,1,1,0;5:23:-16:P
39624,1,1,0;5:23:-16:P
39713,1,1,0;5:22:-16:P
39802,1,1,0;5:22:-16:P
39891,1,1,0;6:22:-16:P
39980,1,1,0;6:22:-16:P
40069,1,1,0;6:21:-16:P
40158,1,1,0;6:21:-16:P
40247,1,1,0;6:21:-16:P
40336,1,1,0;7:21:-16:P
40425,1,1,0;7:21:8:P
40514,1,1,0;7:20:0:P
40603,1,1,0;7:20:0:P
40692,1,1,0;7:20:0:P
40781,1,1,0;8:20:0:P
40870,1,1,0;8:20:0:P
40959,1,1,0;8:21:0:P
41048,1,1,0;8:21:0:P
41137,1,1,0;8:22:0:P
41226,1,1,0;8:22:0:P
41315,1,1,0;8:22:0:P
41404,1,1,0;8:21:0:P
41492,1,1,0;8:21:0:P
41582,1,1,0;8:21:0:P
41671,1,1,0;8:21:0:P
41759,1,1,0;8:21:-8:P
41848,1,1,0;8:21:-8:P
41937,1,1,0;8:21:8:P
42048,1,1,0;8:21:8:P
42116,1,1,0;9:20:8:P
42205,1,1,0;9:20:8:P
42293,1,1,0;9:20:-8:P
42383,1,1,0;9:20:0:P
42472,1,1,0;9:20:-8:P
42561,1,1,0;10:20:-8:P
42649,1,1,0;10:19:-8:P
42739,1,1,0;10:19:-8:P
42827,1,1,0;10:19:-8:P
42917,1,1,0;10:18:-8:P
43005,1,1,0;10:18:-8:P
43094,1,1,0;11:18:-8:P
43183,1,1,0;11:18:-8:P
43273,1,1,0;11:18:-8:P
43361,1,1,0;11:18:8:P
43451,1,1,0;11:18:8:P
43539,1,1,0;11:17:0:P
43628,1,1,0;11:17:0:P
43718,1,1,0;11:17:0:P
43806,1,1,0;11:17:0:P
43895,1,1,0;11:18:0:P
43984,1,1,0;11:17:0:P
44073,1,1,0;11:17:0:P
44163,1,1,0;11:18:0:P
44251,1,1,0;11:18:0:P
44340,1,1,0;11:18:0:P
44429,1,1,0;10:18:0:P
44518,1,1,0;10:18:0:P
44607,1,1,0;10:18:0:P
44696,1,1,0;10:18:0:P
44785,1,1,0;10:18:0:P
44874,1,1,0;10:18:0:P
44963,1,1,0;10:18:0:P
45052,1,1,0;9:18:0:P
45141,1,1,0;9:18:0:P
45230,1,1,0;9:18:0:P
45319,1,1,0;9:18:0:P
45408,1,1,0;10:17:0:P
45497,1,1,0;10:17:0:P
45586,1,1,0;10:17:0:P
45675,1,1,0;10:17:0:P
45764,1,1,0;10:17:0:P
45853,1,1,0;10:16:0:P
45941,1,1,0;10:16:0:P
46056,1,1,0;11:16:0:P
46120,1,1,0;11:16:0:P
46209,1,1,0;11:17:0:P
46298,1,1,0;11:17:0:P
46387,1,1,0;11:17:0:P
46476,1,1,0;11:17:0:P
46565,1,1,0;11:17:0:P
46654,1,1,0;12:16:0:P
46743,1,1,0;12:16:0:P
46832,1,1,0;12:16:0:P
46921,1,1,0;12:16:0:P
47010,1,1,0;12:16:0:P
47099,1,1,0;12:15:0:P
47188,1,1,0;13:15:0:P
47277,1,1,0;13:15:0:P
47366,1,1,0;13:15:0:P
47455,1,1,0;13:15:0:P
47543,1,1,0;14:14:0:P
47632,1,1,0;14:14:0:P
47722,1,1,0;14:14:0:P
47811,1,1,0;14:14:0:P
47899,1,1,0;14:14:0:P
47989,1,1,0;15:14:0:P
48119,1,1,0;15:14:0:P
48167,1,1,0;15:14:0:P
48256,1,1,0;15:15:0:P
48345,1,1,0;15:15:0:P
48433,1,1,0;15:16:0:P
48523,1,1,0;15:16:0:P
48612,1,1,0;15:17:0:P
48700,1,1,0;15:18:0:P
48790,1,1,0;15:18:0:P
48878,1,1,0;15:19:0:P
48967,1,1,0;16:19:0:P
49057,1,1,0;16:19:0:P
49146,1,1,0;16:19:0:P
49235,1,1,0;16:19:0:P
49323,1,1,0;16:19:0:P
49412,1,1,0;16:19:0:P
49501,1,1,0;17:19:0:P
49590,1,1,0;17:18:0:P
49679,1,1,0;17:18:0:P
49768,1,1,0;17:18:0:P
49857,1,1,0;17:18:0:P
49946,1,1,0;17:18:0:P
50051,1,1,0;17:18:0:P
50124,1,1,0;17:19:0:P
50213,1,1,0;18:19:0:P
50302,1,1,0;18:19:0:P
50391,1,1,0;18:19:0:P
50480,1,1,0;18:19:0:P
50569,1,1,0;18:18:24:P
50658,1,1,0;18:18:8:P
50747,1,1,0;18:18:0:P
50836,1,1,0;17:18:8:P
50925,1,1,0;16:18:8:P
51014,1,1,0;16:18:16:P
51103,1,1,0;15:18:24:P
51192,1,1,0;15:18:24:P
51282,1,1,0;15:18:88:P
51370,1,1,0;16:19:-8:P
51459,1,1,0;17:20:-8:P
51548,1,1,0;17:21:-8:P
51637,1,1,0;18:21:-8:P
51726,1,1,0;19:22:-8:P
51815,1,1,0;20:23:-8:P
51904,1,1,0;21:23:-8:P
51993,1,1,0;21:24:0:P
52082,1,1,0;22:25:-8:P
52171,1,1,0;22:26:-8:P
52260,1,1,0;23:26:-8:P
52349,1,1,0;23:27:-8:P
52438,1,1,0;23:27:-8:P
52527,1,1,0;21:28:0:P
52616,1,1,0;20:29:-8:P
52705,1,1,0;18:31:0:P
52794,1,1,0;17:31:0:P
52883,1,1,0;16:32:0:P
52972,1,1,0;16:32:0:P
53061,1,1,0;16:33:0:P
53150,1,1,0;17:33:0:P
53239,1,1,0;18:33:0:P
53328,1,1,0;18:33:0:P
53417,1,1,0;18:33:0:P
53506,1,1,0;18:34:0:P
53595,1,1,0;17:35:0:P
53684,1,1,0;16:35:0:P
53773,1,1,0;14:36:0:P
53862,1,1,0;9:37:0:P
53951,1,1,0;7:38:0:P
54062,1,1,0;6:38:0:P
54129,1,1,0;6:39:0:P
54218,1,1,0;7:39:0:P
54307,1,1,0;7:40:0:P
54396,1,1,0;8:40:8:P
54485,1,1,0;9:40:8:P
54574,1,1,0;10:41:0:P
54663,1,1,0;10:41:0:P
54752,1,1,0;11:41:0:P
54841,1,1,0;11:41:0:P
54930,1,1,0;11:42:0:P
55019,1,1,0;11:42:0:P
55108,1,1,0;11:42:0:P
55197,1,1,0;11:41:0:P
55286,1,1,0;12:41:0:P
55375,1,1,0;13:40:0:P
55463,1,1,0;13:40:0:P
55553,1,1,0;13:40:0:P
55642,1,1,0;13:40:0:P
55731,1,1,0;14:40:0:P
55820,1,1,0;15:40:0:P
55909,1,1,0;16:40:0:P
55998,1,1,0;17:40:0:P
56087,1,1,0;17:40:0:P
56176,1,1,0;17:40:0:P
56264,1,1,0;18:40:0:P
56354,1,1,0;18:40:0:P
56442,1,1,0;18:40:0:P
56532,1,1,0;18:40:8:P
56621,1,1,0;19:40:16:P
56710,1,1,0;19:40:16:P
56798,1,1,0;20:40:32:P
56887,1,1,0;20:40:-88:P
56976,1,1,0;20:40:-72:P
57065,1,1,0;20:39:-48:P
57155,1,1,0;20:38:-48:P
57244,1,1,0;19:37:-8:P
57333,1,1,0;19:36:-8:P
57422,1,1,0;19:36:-24:P
57510,1,1,0;19:36:-24:P
57600,1,1,0;19:35:-8:P
57688,1,1,0;19:34:-8:P
57777,1,1,0;19:33:-8:P
57867,1,1,0;19:33:0:P
57955,1,1,0;18:32:0:P
58052,1,1,0;17:32:0:P
58134,1,1,0;16:31:0:P
58222,1,1,0;15:31:0:P
58311,1,1,0;14:31:0:P
58400,1,1,0;13:30:0:P
58489,1,1,0;12:30:0:P
58578,1,1,0;12:30:0:P
58667,1,1,0;11:29:0:P
58756,1,1,0;10:28:0:P
58845,1,1,0;9:28:0:P
58934,1,1,0;8:27:0:P
59023,1,1,0;7:27:8:P
59112,1,1,0;8:27:8:P
59201,1,1,0;8:27:8:P
59290,1,1,0;9:26:0:P
59379,1,1,0;9:26:8:P
59468,1,1,0;10:26:8:P
59557,1,1,0;11:27:8:P
59646,1,1,0;12:27:8:P
59735,1,1,0;13:26:0:P
59824,1,1,0;12:26:0:P
59913,1,1,0;12:26:0:P
60002,1,1,0;11:26:0:P
60091,1,1,0;11:26:0:P
60180,1,1,0;12:26:8:P
60269,1,1,0;12:27:8:P
60359,1,1,0;12:26:8:P
60447,1,1,0;12:26:8:P
60536,1,1,0;13:26:8:P
60625,1,1,0;13:25:8:P
60714,1,1,0;14:25:-16:P
60803,1,1,0;15:25:-16:P
60892,1,1,0;16:25:-16:P
60981,1,1,0;17:25:-16:P
61070,1,1,0;18:25:-16:P
61159,1,1,0;18:25:-16:P
61248,1,1,0;19:25:-16:P
61337,1,1,0;20:25:-16:P
61426,1,1,0;21:25:-8:P
61515,1,1,0;21:25:-8:P
61604,1,1,0;20:25:-8:P
61693,1,1,0;19:25:-8:P
61782,1,1,0;18:25:-8:P
61871,1,1,0;17:25:-8:P
61960,1,1,0;16:25:-8:P
62057,1,1,0;16:24:8:P
62138,1,1,0;15:24:8:P
62227,1,1,0;14:24:8:P
62316,1,1,0;14:24:8:P
62405,1,1,0;13:24:8:P
62493,1,1,0;12:24:8:P
62582,1,1,0;12:23:8:P
62672,1,1,0;11:23:8:P
62760,1,1,0;11:23:8:P
62850,1,1,0;10:23:8:P
62939,1,1,0;10:23:8:P
63028,1,1,0;9:23:8:P
63117,1,1,0;9:23:-8:P
63206,1,1,0;9:22:-8:P
63295,1,1,0;10:22:-8:P
63384,1,1,0;10:22:-8:P
63472,1,1,0;10:22:-8:P
63562,1,1,0;10:21:-8:P
63650,1,1,0;10:21:-8:P
63739,1,1,0;10:21:-8:P
63828,1,1,0;10:21:-8:P
63917,1,1,0;10:21:-8:P
64006,1,1,0;10:20:-8:P
64095,1,1,0;11:20:-8:P
64185,1,1,0;11:20:-8:P
64274,1,1,0;11:20:-8:P
64363,1,1,0;11:20:-8:P
64452,1,1,0;11:20:-8:P
64540,1,1,0;11:20:0:P
64629,1,1,0;11:20:0:P
64718,1,1,0;11:20:0:P
64807,1,1,0;11:20:0:P
64896,1,1,0;11:20:0:P
64985,1,1,0;11:20:0:P
65074,1,1,0;11:20:0:P
65163,1,1,0;11:20:0:P
65252,1,1,0;11:20:0:P
65341,1,1,0;11:20:0:P
65430,1,1,0;11:20:0:P
65519,1,1,0;11:20:0:P
65608,1,1,0;11:20:0:P
65697,1,1,0;11:20:0:P
65786,1,1,0;11:20:0:P
65875,1,1,0;11:20:0:P
65964,1,1,0;11:20:0:P
66063,1,1,0;11:20:0:P
66142,1,1,0;11:20:0:P
66231,1,1,0;11:20:0:P
66320,1,1,0;11:20:0:P
66409,1,1,0;11:20:0:P
66498,1,1,0;11:20:0:P
66587,1,1,0;11:20:0:P
66676,1,1,0;11:20:0:P
66765,1,1,0;11:20:0:P
66854,1,1,0;11:20:0:P
66943,1,1,0;11:20:0:P
67032,1,1,0;11:20:0:P
67121,1,1,0;11:20:0:P
67210,1,1,0;11:20:0:P
67299,1,1,0;11:20:0:P
67388,1,1,0;11:20:0:P
67477,1,1,0;11:20:0:P
67566,1,1,0;11:20:0:P
67655,1,1,0;11:20:0:P
67744,1,1,0;11:20:0:P
67833,1,1,0;11:20:0:P
67922,1,1,0;11:20:0:P
68011,1,1,0;11:20:0:P
68100,1,1,0;11:20:0:P
68189,1,1,0;11:20:0:P
68278,1,1,0;11:20:0:P
68367,1,1,0;11:20:0:P
68455,1,1,0;11:20:0:P
68544,1,1,0;11:20:0:P
68634,1,1,0;11:20:0:P
68723,1,1,0;11:20:0:P
68812,1,1,0;11:20:0:P
68901,1,1,0;11:20:0:P
68990,1,1,0;11:20:0:P
69079,1,1,0;11:20:0:P
69168,1,1,0;8:22:8:P
69257,1,1,0;5:24:8:P
69346,1,1,0;1:27:8:P
69435,1,1,0;0:29:8:P
69524,1,1,0;-3:31:0:P
69613,1,1,0;-3:32:16:P
69701,1,1,0;-3:32:16:P
69791,1,1,0;-4:34:8:P
69880,1,1,0;-3:35:8:P
69969,1,1,0;-2:34:0:P
70072,1,1,0;-1:33:0:P
70147,1,1,0;0:32:0:P
70235,1,1,0;0:32:0:P
70325,1,1,0;1:31:0:P
70414,1,1,0;2:30:0:P
70503,1,1,0;3:30:0:P
70592,1,1,0;3:29:0:P
70681,1,1,0;5:29:0:P
70770,1,1,0;6:32:0:P
70859,1,1,0;11:42:0:P
70948,1,1,0;15:51:0:P
71036,1,1,0;19:58:0:P
71125,1,1,0;21:61:0:P
71214,1,1,0;22:63:0:P
71303,1,1,0;23:66:0:P
71392,1,1,0;24:68:0:P
71482,1,1,0;26:70:-8:P
71571,1,1,0;29:71:-8:P
71660,1,1,0;39:74:-8:P
71749,1,1,0;48:76:-8:P
71837,0,1,0;56:79:-8:X
71926,0,1,0;64:81:-8:X
72015,0,1,0;66:81:-8:X
72104,0,1,0;68:82:-8:X
72193,0,1,0;71:82:-8:X
72282,0,1,0;73:83:-8:X
72371,0,1,0;75:83:32:X
72461,0,1,0;76:84:32:X
72550,0,1,0;75:82:16:X
72639,0,1,0;72:80:24:X
72727,0,1,0;64:74:24:X
72817,1,1,0;48:62:39:P
72905,1,1,0;35:53:32:P
72994,1,1,0;24:45:0:P
73083,1,1,0;12:43:8:P
73172,1,1,0;4:41:-8:P
73261,1,1,0;-1:41:-8:P
73350,1,1,0;-7:42:-8:P
73439,1,1,0;-13:42:-8:P
73528,1,1,0;-17:43:-8:P
73617,1,1,0;-21:45:-8:P
73706,1,1,0;-22:45:-8:P
73795,1,1,0;-24:46:-8:P
73884,1,1,0;-25:46:-8:P
73973,1,1,0;-26:46:-8:P
74063,1,1,0;-27:47:-8:P
74151,1,1,0;-28:47:-8:P
74240,1,1,0;-28:48:8:P
74329,1,1,0;-27:48:8:P
74418,1,1,0;-27:48:8:P
74507,1,1,0;-27:49:8:P
74596,1,1,0;-26:49:0:P
74685,1,1,0;-25:50:0:P
74774,1,1,0;-24:50:0:P
74863,1,1,0;-23:50:0:P
74952,1,1,0;-22:51:0:P
75041,1,1,0;-22:51:0:P
75130,1,1,0;-21:52:0:P
75219,1,1,0;-20:52:0:P
75308,1,1,0;-19:52:8:P
75397,1,1,0;-17:53:0:P
75486,1,1,0;-14:54:0:P
75575,1,1,0;-12:56:8:P
75664,1,1,0;-9:57:8:P
75753,1,1,0;-7:58:0:P
75842,1,1,0;-4:59:0:P
75931,1,1,0;-2:60:0:P
76020,1,1,0;0:61:32:P
76109,1,1,0;0:60:48:P
76198,1,1,0;-1:59:48:P
76287,1,1,0;-4:54:16:P
76376,1,1,0;-10:46:24:P
76465,1,1,0;-18:41:8:P
76554,1,1,0;-28:43:0:P
76643,1,1,0;-37:50:-8:P
76732,1,1,0;-46:56:8:P
76821,1,1,0;-56:60:24:P
76910,1,1,0;-63:63:8:P
76999,0,1,0;-69:64:-24:X
77088,1,1,0;-62:57:-16:P
77176,1,1,0;-58:53:-8:P
77265,1,1,0;-53:48:-8:P
77355,1,1,0;-49:44:16:P
77444,1,1,0;-46:42:32:P
77533,1,1,0;-45:42:24:P
77622,1,1,0;-45:41:24:P
77711,1,1,0;-45:41:24:P
77800,1,1,0;-45:40:32:P
77889,1,1,0;-44:39:32:P
77978,1,1,0;-44:39:32:P
78067,1,1,0;-44:38:32:P
78156,1,1,0;-43:37:32:P
78244,1,1,0;-43:37:0:P
78334,1,1,0;-44:37:0:P
78423,1,1,0;-48:38:0:P
78512,1,1,0;-50:39:0:P
78600,1,1,0;-51:39:0:P
78689,1,1,0;-52:40:0:P
78779,1,1,0;-52:40:0:P
78867,1,1,0;-53:40:-8:P
78956,1,1,0;-54:40:-8:P
79046,1,1,0;-55:40:-8:P
79134,1,1,0;-56:40:-8:P
79223,1,1,0;-57:41:-16:P
79312,1,1,0;-58:41:-16:P
79401,1,1,0;-60:41:-16:P
79490,1,1,0;-60:41:-8:P
79579,1,1,0;-61:40:-8:P
79668,1,1,0;-61:40:-8:P
79758,1,1,0;-60:40:-8:P
79846,1,1,0;-60:39:-8:P
79935,1,1,0;-60:39:-8:P
80024,1,1,0;-59:39:0:P
80114,1,1,0;-58:38:-8:P
80202,1,1,0;-57:38:-8:P
80291,1,1,0;-56:38:-8:P
80380,1,1,0;-54:38:-8:P
80469,1,1,0;-51:38:-32:P
80558,1,1,0;-48:38:-32:P
80647,1,1,0;-44:38:-32:P
80736,1,1,0;-41:37:-32:P
80825,1,1,0;-39:37:0:P
80914,1,1,0;-36:37:0:P
81003,1,1,0;-34:37:0:P
81092,1,1,0;-32:36:0:P
81181,1,1,0;-30:36:0:P
81270,1,1,0;-30:36:0:P
81359,1,1,0;-31:36:0:P
81448,1,1,0;-32:36:0:P
81537,1,1,0;-33:36:0:P
81626,1,1,0;-33:37:0:P
81715,1,1,0;-34:36:0:P
81804,1,1,0;-34:36:0:P
81893,1,1,0;-34:36:0:P
81982,1,1,0;-34:35:0:P
82071,1,1,0;-34:35:0:P
82160,1,1,0;-34:34:0:P
82249,1,1,0;-34:34:0:P
82338,1,1,0;-33:33:0:P
82427,1,1,0;-34:33:8:P
82516,1,1,0;-35:33:8:P
82605,1,1,0;-35:33:8:P
82694,1,1,0;-36:33:8:P
82783,1,1,0;-37:33:8:P
82872,1,1,0;-37:33:8:P
82961,1,1,0;-37:32:8:P
83050,1,1,0;-37:32:8:P
83139,1,1,0;-38:32:8:P
83228,1,1,0;-38:31:8:P
83317,1,1,0;-38:31:8:P
83406,1,1,0;-38:31:8:P
83494,1,1,0;-38:31:8:P
83584,1,1,0;-38:31:8:P
83673,1,1,0;-38:30:8:P
83762,1,1,0;-38:30:8:P
83851,1,1,0;-38:30:8:P
83940,1,1,0;-38:30:8:P
84029,1,1,0;-38:29:8:P
84118,1,1,0;-38:29:8:P
84207,1,1,0;-38:29:8:P
84296,1,1,0;-38:29:8:P
84385,1,1,0;-38:29:0:P
84474,1,1,0;-38:29:8:P
84563,1,1,0;-38:28:8:P
84652,1,1,0;-38:28:8:P
84741,1,1,0;-39:28:8:P
84830,1,1,0;-39:28:8:P
84919,1,1,0;-39:28:8:P
85008,1,1,0;-39:27:8:P
85097,1,1,0;-39:27:8:P
85186,1,1,0;-39:27:8:P
85275,1,1,0;-39:27:8:P
85363,1,1,0;-39:27:-8:P
85453,1,1,0;-39:27:-8:P
85542,1,1,0;-39:27:-8:P
85631,1,1,0;-39:26:0:P
85720,1,1,0;-39:26:0:P
85809,1,1,0;-38:26:39:P
85898,1,1,0;-37:26:39:P
85987,1,1,0;-37:25:39:P
86076,1,1,0;-36:25:39:P
86165,1,1,0;-35:25:39:P
86254,1,1,0;-35:25:39:P
86342,1,1,0;-35:25:8:P
86431,1,1,0;-34:25:0:P
86520,1,1,0;-34:25:0:P
86609,1,1,0;-34:24:0:P
86699,1,1,0;-33:24:0:P
86787,1,1,0;-33:24:0:P
86877,1,1,0;-33:24:0:P
86965,1,1,0;-32:24:0:P
87054,1,1,0;-29:25:0:P
87143,1,1,0;-20:30:0:P
87233,1,1,0;-19:31:0:P
87321,1,1,0;-20:32:0:P
87410,1,1,0;-26:33:0:P
87499,1,1,0;-30:33:0:P
87588,1,1,0;-32:31:0:P
87677,1,1,0;-34:29:0:P
87766,1,1,0;-35:28:0:P
87855,1,1,0;-20:32:0:P
87944,1,1,0;-13:34:0:P
88033,1,1,0;-5:37:0:P
88122,1,1,0;0:39:0:P
88211,1,1,0;5:41:0:P
88300,1,1,0;11:43:0:P
88389,1,1,0;18:46:0:P
88478,1,1,0;25:49:0:P
88567,1,1,0;31:52:0:P
88657,1,1,0;35:54:8:P
88745,1,1,0;39:56:8:P
88834,1,1,0;41:57:8:P
88923,1,1,0;42:57:8:P
89012,1,1,0;43:58:8:P
89101,1,1,0;44:58:8:P
#MARCA,89109,1
89483,1,1,0;46:60:0:P
89484,1,1,0;47:60:0:P
89485,1,1,0;48:61:0:P
89496,1,1,0;49:61:0:P
89546,1,1,0;50:62:0:P
89635,1,1,0;51:62:0:P
89724,1,1,0;52:62:0:P
89813,1,1,0;53:62:0:P
89902,1,1,0;55:62:0:P
89991,1,1,0;56:62:0:P
90080,1,1,0;57:63:0:P
90169,1,1,0;58:63:0:P
90258,1,1,0;59:63:0:P
90347,1,1,0;59:63:32:P
90436,1,1,0;59:62:64:P
90525,1,1,0;57:60:64:P
90614,1,1,0;56:58:64:P
90703,1,1,0;55:57:-16:P
90792,1,1,0;54:56:-16:P
90881,1,1,0;53:55:-16:P
90970,1,1,0;53:54:-32:P
91059,1,1,0;53:53:-32:P
91148,1,1,0;53:52:-32:P
91237,1,1,0;53:51:-32:P
91326,1,1,0;53:50:-32:P
91415,1,1,0;52:49:-32:P
91503,1,1,0;52:48:-32:P
91593,1,1,0;51:47:-32:P
91682,1,1,0;51:46:-32:P
91771,1,1,0;50:46:-32:P
91860,1,1,0;49:45:-32:P
91949,1,1,0;49:44:-32:P
92038,1,1,0;48:44:0:P
92127,1,1,0;47:44:0:P
92216,1,1,0;49:44:8:P
92305,1,1,0;52:46:8:P
92394,1,1,0;54:47:8:P
92483,1,1,0;57:48:8:P
92572,1,1,0;59:49:8:P
92661,1,1,0;61:50:24:P
92750,1,1,0;62:50:8:P
92839,1,1,0;62:50:8:P
92927,1,1,0;63:51:0:P
93016,1,1,0;63:52:0:P
93106,1,1,0;63:52:0:P
93195,1,1,0;63:53:0:P
93284,1,1,0;63:54:0:P
93373,1,1,0;63:55:0:P
93461,1,1,0;63:56:0:P
93550,1,1,0;63:57:0:P
93640,1,1,0;63:58:-8:P
93728,1,1,0;64:58:-8:P
93817,1,1,0;64:59:-8:P
93906,1,1,0;65:59:-8:P
93995,1,1,0;66:60:-8:P
94085,1,1,0;66:60:-8:P
94173,1,1,0;66:60:8:P
94262,1,1,0;66:60:8:P
94351,1,1,0;66:60:8:P
94440,1,1,0;67:60:0:P
94529,0,1,0;67:61:0:X
94618,0,1,0;68:61:0:X
94707,0,1,0;68:61:0:X
94796,0,1,0;68:61:0:X
94885,0,1,0;68:61:0:X
94974,0,1,0;68:61:0:X
95063,0,1,0;68:61:-8:X
95152,0,1,0;67:61:-8:X
95241,0,1,0;67:61:-8:X
95330,0,1,0;67:61:-8:X
95419,1,1,0;67:60:-8:P
95508,1,1,0;67:60:-8:P
95597,1,1,0;67:60:-8:P
95686,1,1,0;67:60:-8:P
95775,1,1,0;67:60:-8:P
95864,1,1,0;67:60:-8:P
95953,1,1,0;67:60:-8:P
96042,1,1,0;67:60:-8:P
96131,1,1,0;67:60:-8:P
96220,1,1,0;67:60:-8:P
96309,1,1,0;67:60:-8:P
96398,1,1,0;67:60:-8:P
96487,1,1,0;67:60:0:P
96576,1,1,0;67:60:0:P
96665,1,1,0;67:60:0:P
96754,1,1,0;67:60:0:P
96843,1,1,0;67:60:0:P
96932,1,1,0;67:60:0:P
97021,1,1,0;67:60:0:P
97110,1,1,0;67:60:0:P
97199,1,1,0;67:60:0:P
97288,1,1,0;67:60:0:P
97377,1,1,0;67:60:0:P
97465,1,1,0;67:60:0:P
97555,1,1,0;67:60:0:P
97644,1,1,0;67:60:0:P
97733,1,1,0;67:60:0:P
97821,1,1,0;67:60:0:P
97911,1,1,0;67:60:0:P
97999,1,1,0;67:60:0:P
98088,1,1,0;67:60:0:P
98177,1,1,0;67:60:0:P
98267,1,1,0;67:60:0:P
98356,1,1,0;67:60:0:P
98445,1,1,0;67:60:0:P
98533,1,1,0;67:60:0:P
98623,1,1,0;67:60:0:P
98711,1,1,0;67:60:0:P
98801,1,1,0;67:60:0:P
98890,1,1,0;67:60:0:P
98978,1,1,0;67:60:0:P
99067,1,1,0;67:60:0:P
99156,1,1,0;67:60:0:P
99245,1,1,0;67:60:0:P
99334,1,1,0;67:60:0:P
99423,1,1,0;67:60:0:P
99512,1,1,0;67:60:0:P
99601,1,1,0;67:60:0:P
99690,1,1,0;67:60:0:P
99780,1,1,0;67:60:0:P
99868,1,1,0;67:60:0:P
99957,1,1,0;67:60:0:P
100046,1,1,0;67:60:0:P
100136,1,1,0;67:60:0:P
100225,1,1,0;67:60:0:P
100313,1,1,0;67:60:0:P
100402,1,1,0;67:60:0:P
100491,1,1,0;67:60:0:P
100580,1,1,0;67:60:0:P
100669,1,1,0;67:60:0:P
100758,1,1,0;67:60:0:P
100847,1,1,0;67:60:0:P
100936,1,1,0;67:60:0:P
101025,1,1,0;67:60:0:P
101114,1,1,0;67:60:0:P
101203,1,1,0;67:60:0:P
101292,1,1,0;67:60:0:P
101381,1,1,0;67:60:0:P
101470,1,1,0;67:60:0:P
101559,1,1,0;67:60:0:P
101648,1,1,0;67:60:0:P
101738,1,1,0;67:60:0:P
101826,1,1,0;67:60:0:P
101915,1,1,0;67:60:0:P
102004,1,1,0;67:60:0:P
102093,1,1,0;67:60:0:P
102182,1,1,0;67:60:0:P
102271,1,1,0;67:60:0:P
102360,1,1,0;67:60:0:P
102449,1,1,0;67:60:0:P
102538,1,1,0;67:60:0:P
102627,1,1,0;67:60:0:P
102716,1,1,0;67:60:0:P
102805,1,1,0;67:60:0:P
102894,1,1,0;67:60:0:P
102983,1,1,0;67:60:0:P
103072,1,1,0;67:60:0:P
103161,1,1,0;67:60:0:P
103250,1,1,0;67:60:0:P
103339,1,1,0;67:60:0:P
103428,1,1,0;67:60:0:P
103517,1,1,0;67:60:0:P
103606,1,1,0;67:60:0:P
103695,1,1,0;67:60:0:P
103784,1,1,0;67:60:0:P
103873,1,1,0;67:60:0:P
103962,1,1,0;67:60:0:P
104051,1,1,0;67:60:0:P
104140,1,1,0;67:60:0:P
104229,1,1,0;67:60:0:P
104318,1,1,0;67:60:0:P
104406,1,1,0;67:60:0:P
104496,1,1,0;67:60:0:P
104585,1,1,0;67:60:0:P
104674,1,1,0;67:60:0:P
104763,1,1,0;67:60:0:P
104852,1,1,0;67:60:0:P
104941,0,1,0;69:60:0:X
105030,0,1,0;71:60:0:X
105119,0,1,0;73:60:0:X
105208,0,1,0;75:61:0:X
105297,0,1,0;77:61:0:X
105386,0,1,0;78:61:-8:X
105475,0,1,0;79:61:-8:X
105564,0,1,0;80:60:-8:X
105653,0,1,0;80:60:-8:X
105742,0,1,0;81:60:-8:X
105830,0,1,0;82:60:-8:X
105920,0,1,0;83:60:-8:X
106009,0,1,0;83:59:-8:X
106098,0,1,0;84:59:-8:X
106186,0,1,0;85:59:-8:X
106276,0,1,0;85:59:-8:X
106365,0,1,0;85:59:0:X
106454,0,1,0;85:58:0:X
106542,0,1,0;85:58:0:X
106631,0,1,0;85:57:0:X
106720,0,1,0;85:57:0:X
106810,0,1,0;83:56:-8:X
106899,0,1,0;81:54:-8:X
106987,0,1,0;79:53:-8:X
107077,0,1,0;77:52:8:X
107166,0,1,0;75:51:8:X
107255,1,1,0;73:50:8:P
107344,1,1,0;71:49:8:P
107432,1,1,0;69:48:8:P
107521,1,1,0;67:47:8:P
107610,1,1,0;65:46:8:P
107700,1,1,0;63:45:8:P
107789,1,1,0;61:45:0:P
107877,1,1,0;58:45:0:P
107966,1,1,0;55:46:0:P
108070,1,1,0;52:46:0:P
108144,1,1,0;50:46:0:P
108233,1,1,0;48:46:0:P
108322,1,1,0;46:46:0:P
108411,1,1,0;47:47:0:P
108500,1,1,0;48:48:0:P
108590,1,1,0;51:48:0:P
108678,1,1,0;58:51:0:P
108767,1,1,0;65:53:0:P
108856,1,1,0;67:53:0:P
108945,1,1,0;68:54:0:P
109034,1,1,0;70:54:0:P
109123,1,1,0;70:54:-8:P
109212,1,1,0;67:53:0:P
109301,1,1,0;59:48:0:P
109390,1,1,0;56:47:8:P
109479,1,1,0;46:44:8:P
109568,1,1,0;43:43:8:P
109657,1,1,0;41:42:8:P
109746,1,1,0;38:41:8:P
109835,1,1,0;35:40:8:P
109924,1,1,0;33:40:8:P
110013,1,1,0;30:39:8:P
110132,1,1,0;28:38:8:P
110191,1,1,0;25:37:8:P
110280,1,1,0;23:37:8:P
110369,1,1,0;21:36:-16:P
110458,1,1,0;20:36:-16:P
110547,1,1,0;18:35:-16:P
110636,1,1,0;18:35:-8:P
110725,1,1,1;19:36:-8:P
110814,1,1,1;20:36:-8:P
110903,1,1,1;22:36:-8:P
110992,1,1,1;23:35:-8:P
111081,1,1,1;24:35:-8:P
111170,1,1,1;26:35:-8:P
111259,1,1,1;27:35:-8:P
111348,1,1,1;28:35:-8:P
111437,1,1,1;29:35:-8:P
111526,1,1,1;31:34:-8:P
111615,1,1,1;32:34:-8:P
111704,1,1,1;33:34:-8:P
111793,1,1,1;34:34:-8:P
111882,1,1,1;35:34:-8:P
111970,1,1,1;36:34:-8:P
112069,1,1,1;37:34:-8:P
112149,1,1,1;38:34:-8:P
112237,1,1,1;38:34:0:P
112327,1,1,1;38:34:0:P
112416,1,1,1;39:34:0:P
112504,1,1,1;39:34:0:P
112593,1,1,1;40:35:0:P
112682,1,1,1;40:35:0:P
112771,1,1,1;41:35:0:P
112861,1,1,1;41:35:0:P
112950,1,1,1;42:35:0:P
113039,1,1,1;42:36:0:P
113127,1,1,1;43:36:0:P
113217,1,1,1;43:36:0:P
113306,1,1,1;44:36:0:P
113395,1,1,1;44:36:0:P
113484,1,1,1;44:37:0:P
113572,1,1,1;44:37:0:P
113661,1,1,1;44:37:0:P
113750,1,1,1;44:37:0:P
113839,1,1,1;44:37:0:P
113928,1,1,1;44:38:0:P
114017,1,1,1;44:38:0:P
114106,1,1,1;44:38:0:P
114195,1,1,1;44:38:0:P
114284,1,1,1;43:38:0:P
114374,1,1,1;43:38:0:P
114462,1,1,1;43:38:0:P
114551,1,1,1;43:39:0:P
114640,1,1,1;43:39:0:P
114729,1,1,1;43:39:0:P
114818,1,1,1;43:39:0:P
114907,1,1,1;43:39:0:P
114996,1,1,1;43:39:0:P
115085,1,1,1;43:39:0:P
115174,1,1,1;43:39:0:P
115263,1,1,1;43:39:0:P
115352,1,1,1;43:39:0:P
115441,1,1,1;43:39:0:P
115530,1,1,1;43:39:0:P
115619,1,1,1;43:39:0:P
115708,1,1,1;43:39:0:P
115797,1,1,1;41:38:0:P
115886,1,1,1;39:37:0:P
115975,1,1,1;37:37:0:P
116077,1,1,1;35:36:0:P
116153,1,1,1;34:35:0:P
116242,1,1,1;32:34:0:P
116331,1,1,1;30:34:0:P
116420,1,1,2;28:33:0:P
116509,1,1,2;27:32:0:P
116598,1,1,2;25:32:0:P
116687,1,1,2;24:31:0:P
116776,1,1,2;22:30:0:P
116865,1,1,2;21:30:0:P
116954,1,1,2;20:29:0:P
117043,1,1,2;18:29:0:P
117132,1,1,2;17:28:0:P
117221,1,1,2;17:28:0:P
117310,1,1,2;17:28:0:P
117399,1,1,2;17:28:0:P
117488,1,1,2;17:28:0:P
117577,1,1,2;17:28:0:P
117666,1,1,2;17:28:0:P
117755,1,1,2;17:28:0:P
117844,1,1,2;17:28:0:P
117933,1,1,2;17:28:0:P
118022,1,1,2;17:28:0:P
118111,1,1,3;17:28:0:P
118200,1,1,3;17:28:0:P
118289,1,1,3;17:28:0:P
118377,1,1,3;17:28:0:P
118467,1,1,3;17:28:0:P
118555,1,1,3;17:28:0:P
118645,1,1,3;17:28:0:P
118734,1,1,3;17:28:0:P
118823,1,1,3;17:28:0:P
118912,1,1,3;17:28:0:P
119000,1,1,3;17:28:0:P
119089,1,1,3;17:28:0:P
119179,1,1,3;17:28:0:P
119268,1,1,3;17:28:0:P
119357,1,1,3;17:28:0:P
119446,1,1,3;17:28:0:P
119534,1,1,3;17:28:0:P
119623,1,1,3;17:28:0:P
119712,1,1,3;17:28:0:P
119801,1,1,3;17:28:0:P
119891,1,1,3;17:28:0:P
119980,1,1,3;17:28:0:P
120086,1,1,3;17:28:0:P
120157,1,1,3;17:28:0:P
120246,1,1,3;17:28:0:P
120335,1,1,3;17:28:0:P
120424,1,1,3;17:28:0:P
120513,1,1,3;17:28:0:P
120602,1,1,3;15:29:0:P
120692,1,1,3;13:30:0:P
120781,1,1,3;11:30:0:P
120869,1,1,3;10:31:0:P
120958,1,1,3;8:31:0:P
121047,1,1,3;6:32:0:P
121136,1,1,3;4:33:0:P
121225,1,1,3;3:33:0:P
121315,1,1,3;1:34:0:P
121404,1,1,3;0:34:0:P
121493,1,1,3;-1:35:0:P
121581,1,1,3;-2:35:0:P
121671,1,1,3;-3:36:0:P
121759,1,1,3;-4:36:0:P
121848,1,1,3;-4:36:0:P
121937,1,1,3;-4:36:0:P
122026,1,1,3;-4:36:0:P
122116,1,1,3;-3:36:0:P
122204,1,1,3;-3:36:0:P
122293,1,1,3;-3:35:-8:P
122382,1,1,3;-4:34:-8:P
122471,1,1,3;-4:34:-8:P
122560,1,1,3;-4:33:-8:P
122649,1,1,3;-5:32:-8:P
122738,1,1,3;-5:32:-8:P
122827,1,1,3;-5:31:8:P
122916,1,1,3;-4:31:8:P
123005,1,1,3;-4:31:8:P
123094,1,1,3;-4:31:-32:P
123183,1,1,3;-3:30:0:P
123272,1,1,3;-1:30:8:P
123362,1,1,3;0:30:8:P
123451,1,1,3;1:30:-48:P
123540,1,1,3;2:30:-39:P
123628,1,1,3;3:30:-48:P
123718,1,1,3;3:29:-48:P
123807,1,1,3;4:28:-39:P
123895,1,1,3;5:28:-39:P
123984,1,1,3;5:27:-8:P
124073,1,1,3;6:27:-8:P
124162,1,1,3;5:26:0:P
124251,1,1,3;5:26:0:P
124340,1,1,3;5:26:0:P
124429,1,1,3;6:26:8:P
124518,1,1,3;9:28:0:P
124607,1,1,3;18:36:0:P
124696,1,1,3;37:52:0:P
124785,1,1,3;54:66:0:P
124874,0,1,3;69:79:0:X
124963,0,1,3;80:88:0:X
125052,0,1,3;89:94:0:X
125141,0,1,3;92:96:0:X
125230,0,1,3;92:96:0:X
125319,0,1,3;93:97:0:X
125408,0,1,3;93:97:0:X
125497,0,1,3;93:97:0:X
125586,0,1,3;93:97:0:X
125675,0,1,3;90:95:0:X
125764,0,1,3;87:92:0:X
125853,0,1,3;76:84:0:X
125942,0,1,3;72:81:0:X
126031,0,1,3;69:79:0:X
126120,0,1,3;66:77:0:X
126209,0,1,3;63:75:0:X
126298,0,1,3;62:73:0:X
126387,0,1,3;60:72:0:X
126476,0,1,3;58:71:0:X
126565,1,1,3;57:69:0:P
126654,1,1,3;56:67:0:P
126743,1,1,3;55:65:0:P
126832,1,1,3;55:64:0:P
126921,1,1,3;55:63:0:P
127010,1,1,3;54:62:8:P
127099,1,1,3;54:61:8:P
127188,1,1,3;54:60:8:P
127277,1,1,3;53:59:8:P
127366,1,1,3;53:58:8:P
127455,1,1,3;53:57:8:P
127544,1,1,3;52:56:0:P
127633,1,1,3;52:55:0:P
127722,1,1,3;51:54:0:P
127811,1,1,3;50:54:0:P
127900,1,1,3;50:53:0:P
127989,1,1,3;49:53:0:P
128080,1,1,3;49:53:0:P
#MARCA,128159,2
128536,1,1,3;48:52:0:P
128537,1,1,3;47:52:0:P
128538,1,1,3;46:51:0:P
128549,1,1,3;45:51:0:P
128550,1,1,3;44:51:0:P
128611,1,1,3;43:51:0:P
128701,1,1,3;42:50:0:P
128790,1,1,3;42:49:0:P
128878,1,1,3;41:48:0:P
128968,1,1,3;39:47:0:P
129057,1,1,3;38:47:0:P
129146,1,1,3;36:46:0:P
129234,1,1,3;34:45:0:P
129324,1,1,3;33:44:0:P
129413,1,1,3;31:44:0:P
129502,1,1,3;29:43:0:P
129591,1,1,3;28:42:0:P
129679,1,1,3;28:42:0:P
129768,1,1,3;27:41:0:P
129857,1,1,3;26:41:0:P
129946,1,1,3;25:41:0:P
130036,1,1,3;25:40:0:P
130124,1,1,3;24:40:0:P
130213,1,1,3;23:40:0:P
130303,1,1,3;23:39:0:P
130391,1,1,3;22:39:0:P
130481,1,1,3;21:39:8:P
130569,1,1,3;18:39:48:P
130658,1,1,3;8:42:24:P
130747,1,1,2;0:44:32:P
130836,1,1,2;-15:49:48:P
130925,1,1,2;-25:55:39:P
131014,1,1,2;-33:60:48:P
131103,1,1,2;-39:66:8:P
131192,1,1,2;-41:72:-8:P
131281,1,1,2;-42:77:-32:P
131370,0,1,2;-42:81:-39:X
131459,0,1,2;-40:84:-16:X
131548,0,1,2;-37:87:-24:X
131637,0,1,2;-34:88:-39:X
131726,0,1,2;-31:88:-32:X
131815,0,1,2;-27:88:-48:X
131904,0,1,2;-22:88:-48:X
131994,1,1,2;-19:87:-39:P
132087,1,1,2;-16:85:-48:P
132172,1,1,2;-10:81:-48:P
132260,1,1,2;-5:77:-39:P
132349,1,1,2;-1:74:-39:P
132438,1,1,2;2:72:-32:P
132527,1,1,2;4:71:-24:P
132616,1,1,2;6:69:-24:P
132705,1,1,2;10:65:-16:P
132794,1,1,2;13:62:-16:P
132883,1,1,2;17:59:0:P
132972,1,1,2;20:57:-8:P
133061,1,1,2;22:55:0:P
133150,1,1,2;24:54:0:P
133239,1,1,2;26:53:-8:P
133328,1,1,2;28:51:8:P
133417,1,1,2;30:51:16:P
133506,1,1,2;31:51:16:P
133595,1,1,2;32:51:16:P
133684,1,1,2;33:52:24:P
133773,1,1,2;35:53:24:P
133862,1,1,2;36:54:32:P
133951,1,1,2;38:55:16:P
134040,1,1,2;38:56:8:P
134129,1,1,2;39:56:8:P
134218,1,1,2;40:56:8:P
134307,1,1,2;41:55:16:P
134395,1,1,2;42:54:-32:P
134485,1,1,2;42:56:-16:P
134574,1,1,2;42:56:8:P
134663,1,1,2;42:56:0:P
134752,1,1,2;43:56:0:P
134841,1,1,2;44:56:8:P
134930,1,1,2;44:56:8:P
135019,1,1,2;44:57:8:P
135108,1,1,2;45:57:-16:P
135197,1,1,2;45:57:-8:P
135286,1,1,2;46:57:-8:P
135375,1,1,2;46:57:8:P
135464,1,1,2;46:56:0:P
135553,1,1,2;47:57:8:P
135642,1,1,2;48:57:8:P
135731,1,1,2;48:57:0:P
135819,1,1,2;48:57:0:P
135908,1,1,2;48:57:8:P
135997,1,1,2;48:57:0:P
136087,1,1,2;48:57:-8:P
136175,1,1,2;48:57:0:P
136265,1,1,2;49:57:0:P
136354,1,1,2;49:57:0:P
136443,1,1,2;49:57:0:P
136532,1,1,2;49:57:0:P
136621,1,1,2;49:57:8:P
136709,1,1,2;49:57:8:P
136798,1,1,2;50:57:8:P
136887,1,1,2;50:57:8:P
136976,1,1,2;50:57:-8:P
137066,1,1,2;50:57:0:P
137155,1,1,2;50:57:-8:P
137243,1,1,2;50:57:-8:P
137332,1,1,2;50:57:0:P
137421,1,1,2;50:57:0:P
137511,1,1,2;50:57:0:P
137600,1,1,2;51:57:0:P
137688,1,1,2;51:57:0:P
137777,1,1,2;51:57:0:P
137866,1,1,2;52:57:0:P
137955,1,1,2;52:57:0:P
138045,1,1,2;52:57:0:P
138134,1,1,2;53:57:0:P
138222,1,1,2;53:57:0:P
138311,1,1,2;53:57:8:P
138400,1,1,2;53:57:0:P
138489,1,1,2;53:57:0:P
138578,1,1,2;53:57:0:P
138667,1,1,2;53:58:8:P
138756,1,1,2;52:58:0:P
138845,1,1,2;51:59:8:P
138934,1,1,2;47:58:8:P
139023,1,1,2;34:56:8:P
139112,1,1,2;22:55:8:P
139201,1,1,2;12:53:8:P
139290,1,1,2;3:52:8:P
139379,1,1,2;-4:53:-56:P
139468,1,1,2;-12:54:-16:P
139557,1,1,2;-19:55:-16:P
139646,1,1,2;-26:56:-16:P
139735,1,1,2;-31:58:0:P
139824,1,1,2;-28:58:0:P
139913,1,1,2;-20:58:0:P
140002,1,1,2;-13:59:0:P
140091,1,1,2;-2:61:0:P
140180,1,1,2;1:62:-8:P
140269,1,1,2;4:63:0:P
140358,1,1,2;8:64:0:P
140447,1,1,2;12:64:0:P
140536,1,1,2;15:64:0:P
140625,1,1,2;19:63:0:P
140714,1,1,2;22:63:0:P
140803,1,1,2;25:63:-8:P
140892,1,1,2;28:62:0:P
140981,1,1,2;30:61:0:P
141070,1,1,2;33:61:-8:P
141159,1,1,2;35:61:8:P
141248,1,1,2;38:61:0:P
141337,1,1,2;40:62:16:P
141426,1,1,2;42:63:16:P
141515,1,1,2;44:64:32:P
141604,1,1,2;43:66:39:P
141693,1,1,2;42:66:0:P
141782,1,1,2;42:64:0:P
141871,1,1,2;42:63:0:P
141960,1,1,2;42:63:-8:P
142049,1,1,2;42:63:-8:P
142138,1,1,2;42:63:-8:P
142227,1,1,2;42:63:0:P
142316,1,1,2;42:63:0:P
142405,1,1,2;43:63:8:P
142494,1,1,2;43:64:8:P
142583,1,1,2;43:64:0:P
142671,1,1,2;44:64:0:P
142761,1,1,2;43:64:8:P
142849,1,1,2;44:64:-8:P
142939,1,1,2;44:65:-16:P
143028,1,1,2;45:65:-16:P
143117,1,1,2;45:65:-8:P
143205,1,1,2;45:65:-8:P
143295,1,1,2;46:65:-8:P
143383,1,1,2;46:65:0:P
143472,1,1,2;46:65:-8:P
143561,1,1,2;46:65:8:P
143651,1,1,2;46:65:16:P
143740,1,1,2;46:65:0:P
143828,1,1,2;45:65:16:P
143917,1,1,2;45:65:0:P
144007,1,1,2;45:66:16:P
144096,1,1,2;46:66:24:P
144184,1,1,2;46:66:0:P
144273,1,1,2;46:67:0:P
144362,1,1,2;46:67:0:P
144452,1,1,2;46:68:8:P
144540,1,1,2;45:68:16:P
144630,1,1,2;45:68:0:P
144718,1,1,2;46:69:8:P
144807,1,1,2;46:69:8:P
144897,1,1,2;46:69:0:P
144985,1,1,2;46:70:-16:P
145074,1,1,2;46:70:-16:P
145163,1,1,2;46:69:-8:P
145252,1,1,2;46:69:-16:P
145341,1,1,2;46:69:-16:P
145430,1,1,2;46:69:-8:P
145519,1,1,2;46:69:8:P
145608,1,1,2;46:69:0:P
145697,1,1,2;47:69:0:P
145786,1,1,2;47:68:0:P
145875,1,1,2;47:68:0:P
145964,1,1,2;48:67:0:P
146053,1,1,2;49:67:0:P
146142,1,1,2;49:66:0:P
146231,1,1,2;50:66:0:P
146320,1,1,2;50:65:0:P
146409,1,1,2;50:65:0:P
146498,1,1,2;49:65:0:P
146587,1,1,2;50:65:0:P
146676,1,1,2;50:65:0:P
146765,1,1,2;51:65:0:P
146854,1,1,2;51:65:0:P
146943,1,1,2;52:65:0:P
147032,1,1,2;52:64:0:P
147121,1,1,2;52:63:0:P
147210,1,1,2;52:63:0:P
147299,1,1,2;53:63:0:P
147388,1,1,2;53:63:0:P
147477,1,1,2;54:63:0:P
147566,1,1,2;54:62:-8:P
147655,1,1,2;55:61:-8:P
147744,1,1,2;55:60:-8:P
147833,1,1,2;55:59:-32:P
147922,1,1,2;55:58:-32:P
148011,1,1,2;55:57:48:P
148100,1,1,2;52:56:32:P
148189,1,1,2;41:54:32:P
148278,1,1,2;31:53:32:P
148367,1,1,2;28:52:32:P
148456,1,1,2;24:52:48:P
148545,1,1,2;21:52:48:P
148634,1,1,2;18:52:48:P
148723,1,1,2;14:52:8:P
148812,1,1,2;3:54:0:P
148901,1,1,2;-7:56:-8:P
148990,1,1,2;-17:59:-8:P
149079,1,1,2;-27:61:-8:P
149168,1,1,2;-35:63:-8:P
149257,1,1,2;-43:65:-8:P
149346,1,1,2;-49:65:-39:P
149435,1,1,2;-51:65:-39:P
149524,1,1,2;-53:65:-39:P
149613,1,1,2;-54:65:-39:P
149702,1,1,2;-56:65:-39:P
149791,1,1,2;-57:64:-39:P
149880,1,1,2;-59:64:-39:P
149970,1,1,2;-60:64:-39:P
150058,1,1,2;-62:64:-39:P
150147,1,1,2;-63:64:-39:P
150236,0,1,2;-64:64:-39:X
150324,0,1,2;-66:63:-39:X
150414,0,1,2;-67:63:-39:X
150503,0,1,2;-68:63:-39:X
150592,0,1,2;-69:63:-39:X
150681,0,1,2;-70:63:-39:X
150769,0,1,2
150858,0,1,2
150948,0,1,2
151036,0,1,2
151125,0,1,2
151214,0,1,2
151304,1,1,2;59:57:0:P
151393,1,1,2;59:57:0:P
151482,1,1,2;60:57:0:P
151571,1,1,2;60:57:0:P
151660,1,1,2;61:57:0:P
151748,1,1,2;61:56:0:P
151837,1,1,2;61:56:0:P
151927,1,1,2;61:56:0:P
152015,1,1,2;61:56:0:P
152104,1,1,2;61:55:0:P
152194,1,1,2;61:55:0:P
152282,1,1,2;60:54:0:P
152371,1,1,2;60:54:0:P
152460,1,1,2;60:54:0:P
152549,1,1,2;61:55:0:P
152638,1,1,2;61:55:0:P
152727,1,1,2;60:55:0:P
152816,1,1,2;60:54:0:P
152905,1,1,2;59:54:0:P
152994,1,1,2;59:53:0:P
153083,1,1,2;58:52:0:P
153172,1,1,2;59:51:0:P
153261,1,1,2;59:52:0:P
153350,1,1,2;59:52:0:P
153439,1,1,2;60:52:0:P
153528,1,1,2;60:53:0:P
153617,1,1,2;60:53:0:P
153706,1,1,2;61:53:0:P
153795,1,1,2;60:53:0:P
153884,1,1,2;60:53:0:P
153973,1,1,2;60:53:0:P
154062,1,1,2;60:53:0:P
154151,1,1,2;59:53:0:P
154240,1,1,2;60:53:-8:P
154329,1,1,2;60:52:0:P
154418,1,1,2;60:52:-8:P
154507,1,1,2;61:52:-16:P
154596,1,1,2;61:52:0:P
154685,1,1,2;62:52:0:P
154774,1,1,2;62:52:-24:P
154863,1,1,2;63:52:-24:P
154952,1,1,2;63:53:-16:P
155041,1,1,2;63:53:0:P
155130,1,1,2;63:52:0:P
155219,1,1,2;63:52:0:P
155308,1,1,2;63:52:0:P
155397,1,1,2;63:52:0:P
155486,1,1,2;64:53:0:P
155575,1,1,2;65:53:0:P
155664,1,1,2;65:53:0:P
155753,1,1,2;65:52:8:P
155842,1,1,2;65:52:0:P
155931,1,1,2;64:52:0:P
156020,1,1,2;64:51:0:P
156109,1,1,2;64:51:0:P
156198,1,1,2;64:51:0:P
156287,1,1,2;64:52:0:P
156376,1,1,2;64:52:0:P
156465,1,1,2;64:52:0:P
156554,1,1,2;64:52:0:P
156643,1,1,2;64:52:0:P
156732,1,1,2;63:52:0:P
156821,1,1,2;63:53:0:P
156909,1,1,2;62:53:0:P
156998,1,1,2;61:53:0:P
157088,1,1,2;60:53:8:P
157176,1,1,2;60:52:8:P
157266,1,1,2;60:52:8:P
157355,1,1,2;60:52:8:P
157443,1,1,2;60:52:0:P
157533,1,1,2;60:52:0:P
157622,1,1,2;60:52:0:P
157711,1,1,2;60:52:0:P
157800,1,1,2;60:52:0:P
157889,1,1,2;60:52:0:P
157978,1,1,2;59:53:0:P
158067,1,1,2;59:53:0:P
158156,1,1,2;60:53:0:P
158245,1,1,2;60:53:0:P
158333,1,1,2;60:53:0:P
158422,1,1,2;60:53:0:P
158511,1,1,2;60:53:0:P
158600,1,1,2;60:53:0:P
158689,1,1,2;60:53:0:P
158779,1,1,2;60:54:0:P
158867,1,1,2;60:54:0:P
158956,1,1,2;60:53:0:P
159045,1,1,2;60:53:0:P
159134,1,1,2;60:53:0:P
159223,1,1,2;60:53:0:P
159312,1,1,2;60:53:0:P
159401,1,1,2;60:53:0:P
159490,1,1,2;60:53:0:P
159579,1,1,2;60:53:0:P
159668,1,1,2;60:53:0:P
159757,1,1,2;60:53:8:P
159846,1,1,2;61:54:0:P
159935,1,1,2;61:54:0:P
160024,1,1,2;60:54:0:P
160113,1,1,2;61:55:0:P
160202,1,1,2;61:55:0:P
160291,1,1,2;60:55:0:P
160380,1,1,2;60:55:0:P
160469,1,1,2;59:55:0:P
160558,1,1,2;59:55:0:P
160647,1,1,2;58:55:0:P
160736,1,1,2;58:55:0:P
160825,1,1,2;57:55:0:P
160914,1,1,2;57:55:0:P
161003,1,1,2;57:56:0:P
161092,1,1,2;57:56:0:P
161181,1,1,2;58:56:-8:P
161270,1,1,2;58:57:8:P
161359,1,1,2;58:57:0:P
161448,1,1,2;59:57:0:P
161537,1,1,2;59:57:0:P
161626,1,1,2;59:57:0:P
161715,1,1,2;58:57:0:P
161804,1,1,2;58:57:0:P
161893,1,1,2;57:56:0:P
161982,1,1,2;57:56:0:P
162071,1,1,3;56:55:0:P
162160,1,1,3;56:55:0:P
162249,1,1,3;56:55:0:P
162338,1,1,3;56:56:0:P
162427,1,1,3;57:57:0:P
162516,1,1,3;57:57:0:P
162605,1,1,3;57:57:0:P
162694,1,1,3;56:56:0:P
162783,1,1,3;56:56:0:P
162872,1,1,3;56:56:0:P
162961,1,1,3;56:56:0:P
163050,1,1,3;56:56:0:P
163139,1,1,3;56:56:0:P
163228,1,1,3;56:56:0:P
163317,1,1,3;56:56:0:P
163406,1,1,3;56:56:0:P
163495,1,1,3;55:57:0:P
163584,1,1,3;55:57:0:P
163673,1,1,3;54:57:-8:P
163762,1,1,3;54:56:0:P
163851,1,1,3;54:56:0:P
163940,1,1,3;54:56:0:P
164029,1,1,3;54:57:0:P
164118,1,1,3;54:57:0:P
164207,1,1,3;55:57:0:P
164296,1,1,3;55:57:0:P
164385,1,1,3;55:57:0:P
164473,1,1,3;55:57:0:P
164563,1,1,3;54:57:0:P
164651,1,1,3;54:58:0:P
164740,1,1,3;53:58:0:P
164830,1,1,3;53:59:0:P
164918,1,1,3;54:59:0:P
165007,1,1,3;54:59:0:P
165097,1,1,3;54:58:-8:P
165186,1,1,3;54:58:0:P
165274,1,1,3;54:57:0:P
165363,1,1,3;54:56:0:P
165452,1,1,3;54:55:0:P
165541,1,1,3;54:55:-8:P
165630,1,1,3;54:55:0:P
165719,1,1,3;54:55:0:P
165808,1,1,3;55:55:8:P
165898,1,1,3;55:55:0:P
165986,1,1,3;54:55:0:P
166075,1,1,3;54:54:0:P
166164,1,1,3;54:54:0:P
166253,1,1,3;54:54:0:P
166342,1,1,3;54:54:0:P
166431,1,1,3;54:54:0:P
166520,1,1,3;54:54:0:P
166609,1,1,3;53:54:0:P
166698,1,1,3;53:54:0:P
166787,1,1,3;53:54:0:P
166876,1,1,3;54:54:0:P
166965,1,1,3;54:53:0:P
167054,1,1,3;54:53:0:P
167143,1,1,3;54:52:0:P
167232,1,1,3;54:52:0:P
167321,1,1,3;55:52:0:P
167410,1,1,3;55:53:0:P
167499,1,1,3;55:53:-8:P
167588,1,1,3;55:53:-16:P
167677,1,1,3;55:53:-8:P
167766,1,1,3;55:53:-24:P
167855,1,1,3;55:53:-24:P
167944,1,1,3;54:53:-16:P
168033,1,1,3;54:53:-16:P
168122,1,1,3;54:53:-48:P
168211,1,1,3;52:52:-32:P
168300,1,1,3;50:51:-16:P
168389,1,1,3;44:48:-8:P
168478,1,1,3;37:46:-8:P
168567,1,1,3;26:43:-8:P
168656,1,1,3;19:43:-8:P
168745,1,1,3;17:43:-8:P
168834,1,1,3;15:42:0:P
168923,1,1,3;13:41:0:P
169012,1,1,3;12:40:0:P
169101,1,1,3;12:40:0:P
169190,1,1,3;12:40:0:P
169279,1,1,3;11:40:0:P
169368,1,1,3;11:40:0:P
169457,1,1,3;11:40:0:P
169546,1,1,3;11:41:0:P
169635,1,1,3;11:41:0:P
169724,1,1,3;10:41:0:P
169813,1,1,3;9:40:0:P
169902,1,1,3;8:40:0:P
169991,1,1,3;7:39:0:P
170080,1,1,3;5:38:0:P
170169,1,1,3;2:37:0:P
170258,1,1,4;4:38:0:P
170347,1,1,4;5:39:0:P
#MARCA,170364,3
170800,1,1,5;8:39:0:P
170801,1,1,5;11:39:-8:P
170802,1,1,5;15:39:0:P
170813,1,1,5;18:39:0:P
170814,1,1,5;23:41:0:P
170881,1,1,5;26:43:0:P
170970,1,1,5;27:44:0:P
171059,1,1,5;28:45:8:P
171148,1,1,5;29:45:16:P
171237,1,1,5;30:45:32:P
171326,1,1,5;27:44:88:P
171415,1,1,5;25:43:136:P
171504,1,1,5;24:43:39:P
171593,1,1,5;25:43:32:P
171682,1,1,5;26:43:24:P
171771,1,1,5;27:44:16:P
171860,1,1,5;31:46:24:P
171949,1,1,5;34:48:-8:P
172038,1,1,5;36:50:-16:P
172127,1,1,5;37:52:-24:P
172216,1,1,5;38:54:-8:P
172305,1,1,5;40:54:0:P
172394,1,1,5;42:54:8:P
172483,1,1,5;43:55:0:P
172572,1,1,5;44:56:0:P
172661,1,1,5;45:57:0:P
172749,1,1,5;45:58:0:P
172839,1,1,5;46:58:0:P
172928,1,1,5;46:58:-8:P
173016,1,1,5;46:59:-8:P
173106,1,1,5;47:59:0:P
173195,1,1,5;47:59:0:P
173284,1,1,5;49:59:0:P
173373,1,1,5;49:59:0:P
173462,1,1,5;50:59:0:P
173550,1,1,5;50:59:0:P
173639,1,1,5;50:58:0:P
173728,1,1,5;51:58:0:P
173817,1,1,5;51:58:16:P
173907,1,1,5;52:57:16:P
173995,1,1,5;52:56:16:P
174084,1,1,5;52:56:0:P
174173,1,1,5;51:56:0:P
174262,1,1,5;47:56:16:P
174351,1,1,5;35:57:24:P
174440,1,1,4;12:59:24:P
174530,1,1,4;-4:59:16:P
174618,1,1,4;-16:61:16:P
174707,1,1,4;-27:63:16:P
174796,1,1,4;-32:65:-8:P
174885,1,1,4;-41:68:-8:P
174974,1,1,4;-47:68:-16:P
175063,1,1,4;-50:68:-16:P
175152,1,1,4;-52:68:-16:P
175241,1,1,4;-53:68:-8:P
175330,1,1,4;-50:68:-8:P
175419,1,1,4;-46:68:-8:P
175508,1,1,4;-42:67:-8:P
175597,1,1,4;-32:65:-8:P
175686,1,1,4;-23:62:-8:P
175775,1,1,4;-15:59:-16:P
175864,1,1,4;-16:56:-8:P
175953,1,1,4;-19:54:-32:P
176042,1,1,4;-25:50:-24:P
176131,1,1,3;-28:45:-16:P
176220,1,1,3;-30:43:-8:P
176309,1,1,3;-31:41:8:P
176398,1,1,3;-31:41:0:P
176487,1,1,3;-30:41:-8:P
176576,1,1,3;-30:41:8:P
176665,1,1,3;-29:41:-8:P
176754,1,1,3;-29:42:0:P
176843,1,1,3;-29:41:8:P
176932,1,1,3;-29:41:-8:P
177021,1,1,3;-29:41:8:P
177110,1,1,3;-29:41:16:P
177199,1,1,3;-28:41:24:P
177288,1,1,3;-28:41:39:P
177377,1,1,3;-28:41:48:P
177466,1,1,3;-28:42:48:P
177555,1,1,3;-28:42:39:P
177644,1,1,3;-28:43:32:P
177733,1,1,3;-29:43:16:P
177822,1,1,3;-29:44:16:P
177911,1,1,3;-29:45:0:P
178000,1,1,3;-26:45:-8:P
178089,1,1,3;-24:45:16:P
178178,1,1,3;-23:46:16:P
178267,1,1,3;-24:47:8:P
178356,1,1,3;-25:47:0:P
178445,1,1,3;-26:48:16:P
178534,1,1,3;-28:49:8:P
178622,1,1,3;-29:51:-8:P
178712,1,1,3;-31:52:-8:P
178801,1,1,3;-31:53:-8:P
178890,1,1,3;-31:54:-8:P
178979,1,1,3;-32:54:-8:P
179068,1,1,3;-32:54:-8:P
179156,1,1,3;-32:54:0:P
179246,1,1,3;-33:54:0:P
179334,1,1,3;-33:55:-16:P
179423,1,1,3;-33:55:8:P
179513,1,1,3;-33:55:0:P
179601,1,1,3;-33:55:8:P
179690,1,1,3;-33:55:0:P
179779,1,1,3;-33:56:16:P
179869,1,1,3;-33:56:0:P
179958,1,1,3;-33:56:-8:P
180046,1,1,3;-33:56:-8:P
180136,1,1,3;-34:56:-8:P
180225,1,1,4;-34:56:0:P
180313,1,1,4;-35:56:0:P
180402,1,1,4;-35:56:0:P
180492,1,1,4;-36:56:0:P
180580,1,1,4;-36:56:8:P
180669,1,1,4;-36:56:0:P
180758,1,1,4;-36:56:8:P
180847,1,1,4;-36:57:-8:P
180936,1,1,4;-36:57:0:P
181025,1,1,4;-36:57:8:P
181114,1,1,4;-36:57:0:P
181203,1,1,4;-36:58:16:P
181292,1,1,4;-36:58:-8:P
181381,1,1,4;-36:58:-8:P
181470,1,1,4;-36:58:-8:P
181559,1,1,4;-36:58:-8:P
181649,1,1,4;-36:58:-8:P
181737,1,1,4;-36:58:0:P
181826,1,1,4;-36:58:0:P
181915,1,1,4;-36:58:0:P
182004,1,1,4;-35:58:0:P
182115,1,1,4;-36:58:0:P
182182,1,1,4;-36:58:8:P
182271,1,1,4;-36:58:16:P
182360,1,1,4;-36:58:8:P
182449,1,1,4;-36:58:8:P
182538,1,1,4;-36:59:8:P
182627,1,1,4;-36:59:0:P
182716,1,1,4;-36:59:-8:P
182805,1,1,4;-36:59:0:P
182894,1,1,4;-36:59:-16:P
182983,1,1,4;-36:59:-8:P
183072,1,1,4;-36:59:0:P
183161,1,1,4;-36:59:-8:P
183250,1,1,4;-37:59:0:P
183339,1,1,4;-37:60:-8:P
183428,1,1,4;-37:60:-8:P
183517,1,1,4;-37:60:0:P
183606,1,1,4;-37:60:0:P
183695,1,1,4;-37:60:0:P
183784,1,1,4;-37:60:8:P
183873,1,1,4;-37:60:0:P
183962,1,1,4;-36:60:0:P
184051,1,1,4;-36:60:0:P
184140,1,1,4;-36:60:0:P
184229,1,1,4;-36:60:0:P
184318,1,1,4;-36:60:0:P
184407,1,1,4;-37:60:0:P
184496,1,1,4;-37:60:0:P
184585,1,1,4;-37:60:0:P
184674,1,1,4;-37:60:0:P
184763,1,1,4;-36:60:0:P
184851,1,1,4;-36:60:0:P
184941,1,1,4;-35:60:8:P
185030,1,1,4;-35:60:0:P
185119,1,1,4;-35:60:0:P
185208,1,1,4;-35:59:0:P
185297,1,1,4;-35:59:0:P
185386,1,1,4;-35:59:0:P
185475,1,1,4;-35:59:0:P
185564,1,1,4;-35:59:0:P
185652,1,1,4;-35:59:0:P
185742,1,1,4;-35:59:0:P
185831,1,1,4;-35:59:0:P
185920,1,1,4;-34:59:0:P
186009,1,1,4;-31:58:0:P
186105,1,1,4;-23:57:0:P
186187,1,1,4;-15:56:8:P
186276,1,1,4;-1:57:8:P
186365,1,1,4;10:59:8:P
186454,1,1,4;17:61:0:P
186543,1,1,4;20:62:24:P
186631,1,1,4;23:62:16:P
186720,1,1,4;26:62:16:P
186810,1,1,4;29:62:-8:P
186899,1,1,4;32:62:0:P
186987,1,1,4;34:63:0:P
187077,1,1,4;36:63:0:P
187165,1,1,4;38:64:0:P
187255,1,1,4;39:64:0:P
187343,1,1,4;39:64:8:P
187432,1,1,4;40:64:0:P
187522,1,1,4;40:64:8:P
187611,1,1,4;41:64:8:P
187699,1,1,4;41:64:0:P
187788,1,1,4;42:64:8:P
187877,1,1,4;43:64:0:P
187967,1,1,4;42:64:0:P
188056,1,1,4;40:64:0:P
188144,1,1,4;39:63:0:P
188233,1,1,4;38:63:-8:P
188322,1,1,4;36:63:0:P
188411,1,1,4;32:62:0:P
188500,1,1,4;28:61:0:P
188589,1,1,4;24:60:0:P
188678,1,1,4;21:60:-8:P
188767,1,1,4;21:60:-16:P
188856,1,1,4;23:60:-8:P
188945,1,1,4;27:60:0:P
189035,1,1,4;35:59:0:P
189123,1,1,4;41:58:0:P
189212,1,1,4;44:58:-8:P
189301,1,1,4;47:57:0:P
189390,1,1,4;48:57:0:P
189479,1,1,4;49:57:0:P
189568,1,1,4;50:57:0:P
189657,1,1,4;47:57:0:P
189746,1,1,4;44:57:0:P
189835,1,1,4;41:57:0:P
189924,1,1,4;41:56:0:P
190013,1,1,4;42:56:0:P
190111,1,1,4;36:56:0:P
190191,1,1,4;34:56:0:P
190280,1,1,4;32:57:0:P
190369,1,1,4;30:58:0:P
190458,1,1,4;28:59:0:P
190547,1,1,4;27:59:0:P
190636,1,1,4;26:60:0:P
190725,1,1,4;27:60:0:P
190814,1,1,4;29:59:0:P
190903,1,1,4;30:59:0:P
190992,1,1,4;30:59:0:P
191081,1,1,4;31:59:0:P
191170,1,1,4;31:59:-32:P
191259,1,1,4;32:58:8:P
191348,1,1,4;33:58:8:P
191437,1,1,4;34:59:8:P
191526,1,1,4;35:59:8:P
191615,1,1,4;35:60:8:P
191704,1,1,4;36:60:0:P
191793,1,1,4;37:59:0:P
191882,1,1,4;41:58:0:P
191971,1,1,4;43:56:0:P
192060,1,1,4;34:55:0:P
192149,1,1,4;16:52:0:P
192238,1,1,4;1:51:0:P
192327,1,1,4;-8:55:0:P
192416,1,1,4;-16:59:0:P
192505,1,1,4;-23:64:0:P
192594,1,1,4;-25:66:-8:P
192683,1,1,4;-26:67:-8:P
192772,1,1,4;-25:68:0:P
192860,1,1,4;-24:68:-8:P
192950,1,1,4;-25:68:-16:P
193039,1,1,4;-26:67:-16:P
193128,1,1,4;-27:66:-16:P
193217,1,1,4;-28:65:-24:P
193306,1,1,4;-26:64:-24:P
193395,1,1,4;-18:61:-32:P
193484,1,1,4;-2:58:-32:P
193573,1,1,4;8:53:-32:P
193661,1,1,4;15:50:-32:P
193751,1,1,4;21:46:-24:P
193840,1,1,4;22:45:-16:P
193928,1,1,4;22:45:-8:P
194018,1,1,4;23:45:-8:P
194118,1,1,4;23:44:-8:P
194196,1,1,4;24:44:-8:P
194284,1,1,4;24:44:0:P
194374,1,1,4;24:43:0:P
194463,1,1,4;25:43:0:P
194552,1,1,4;25:42:0:P
194640,1,1,4;24:42:0:P
194729,1,1,4;24:43:0:P
194818,1,1,4;23:43:0:P
194907,1,1,4;23:43:0:P
194996,1,1,4;23:43:0:P
195086,1,1,4;23:43:0:P
195174,1,1,4;24:43:0:P
195263,1,1,4;24:43:0:P
195352,1,1,4;24:42:0:P
195441,1,1,4;25:42:0:P
195530,1,1,4;25:42:0:P
195620,1,1,4;25:42:0:P
195708,1,1,4;25:42:0:P
195797,1,1,4;25:42:0:P
195886,1,1,4;25:42:0:P
195975,1,1,4;26:42:0:P
196064,1,1,4;26:42:0:P
196154,1,1,4;27:42:0:P
196242,1,1,4;26:42:0:P
196331,1,1,4;24:42:0:P
196420,1,1,4;23:43:8:P
196509,1,1,4;22:44:0:P
196599,1,1,4;23:45:0:P
196687,1,1,4;23:45:0:P
196776,1,1,4;24:45:0:P
196865,1,1,4;24:45:0:P
196954,1,1,4;23:45:0:P
197043,1,1,4;22:46:0:P
197132,1,1,4;20:48:0:P
197221,1,1,4;17:51:0:P
197310,1,1,4;14:54:0:P
197399,1,1,4;12:56:0:P
197488,1,1,4;11:58:0:P
197577,1,1,4;8:59:0:P
197666,1,1,4;7:59:0:P
197755,1,1,4;8:59:0:P
197844,1,1,4;8:58:0:P
197933,1,1,4;9:58:0:P
198022,1,1,4;8:57:0:P
198111,1,1,4;6:56:8:P
198200,1,1,4;0:54:8:P
198289,1,1,4;-1:53:0:P
198378,1,1,4;-3:53:8:P
198466,1,1,5;-4:52:0:P
198556,1,1,5;-4:52:8:P
198645,1,1,5;-3:52:8:P
198734,1,1,5;-2:51:-8:P
198823,1,1,5;1:50:16:P
198912,1,1,5;6:49:16:P
199001,1,1,5;9:49:24:P
199090,1,1,5;16:49:16:P
199179,1,1,5;18:50:16:P
199268,1,1,5;20:51:-8:P
199357,1,1,5;22:51:24:P
199446,1,1,5;26:51:16:P
199535,1,1,5;29:51:24:P
199624,1,1,5;32:51:16:P
199712,1,1,5;35:51:8:P
199802,1,1,5;37:51:8:P
199891,1,1,5;32:51:8:P
199980,1,1,5;30:52:0:P
200069,1,1,5;24:52:0:P
200158,1,1,5;17:53:0:P
200247,1,1,5;2:52:0:P
200336,1,1,5;-10:50:0:P
200425,1,1,5;-5:52:0:P
200514,1,1,5;-3:53:0:P
200602,1,1,5;-1:53:-8:P
200692,1,1,5;0:54:-8:P
200781,1,1,5;2:54:0:P
200869,1,1,5;3:55:0:P
200958,1,1,5;2:55:0:P
201047,1,1,5;1:55:0:P
201137,1,1,5;0:55:0:P
201226,1,1,5;-1:56:8:P
201314,1,1,5;-2:56:8:P
201403,1,1,5;-3:56:0:P
201492,1,1,5;-4:56:0:P
201581,1,1,5;-5:56:8:P
201670,1,1,5;-6:57:0:P
201759,1,1,5;-7:57:0:P
201848,1,1,5;-7:57:0:P
201937,1,1,5;-7:58:0:P
202026,1,1,5;-8:58:0:P
202116,1,1,5;-8:59:8:P
202205,1,1,5;-9:59:-8:P
202293,1,1,5;-10:58:0:P
202383,1,1,5;-12:58:0:P
202471,1,1,5;-13:58:0:P
202560,1,1,5;-13:58:-8:P
202650,1,1,5;-14:58:8:P
202738,1,1,5;-15:58:0:P
202827,1,1,5;-16:58:-8:P
202917,1,1,5;-17:58:-8:P
203005,1,1,5;-17:58:-8:P
203094,1,1,5;-18:58:-16:P
203183,1,1,5;-19:58:-8:P
203272,1,1,5;-19:58:-8:P
203361,1,1,5;-19:58:0:P
203450,1,1,5;-20:58:0:P
203539,1,1,5;-20:57:8:P
203628,1,1,5;-20:57:8:P
203717,1,1,5;-20:58:8:P
203806,1,1,5;-20:58:16:P
203895,1,1,5;-20:58:8:P
203984,1,1,5;-21:58:0:P
204073,1,1,5;-21:58:8:P
204163,1,1,5;-22:58:8:P
204251,1,1,5;-22:58:8:P
204340,1,1,5;-22:58:8:P
204429,1,1,5;-22:58:0:P
204518,1,1,5;-22:58:0:P
204607,1,1,5;-21:59:0:P
204696,1,1,5;-22:59:0:P
204785,1,1,5;-22:59:0:P
204874,1,1,5;-23:58:0:P
204963,1,1,5;-24:58:0:P
205052,1,1,5;-26:57:0:P
205141,1,1,5;-29:56:0:P
205230,1,1,5;-30:55:0:P
205319,1,1,5;-30:55:-16:P
205408,1,1,5;-30:55:0:P
205497,1,1,5;-30:56:-8:P
205586,1,1,5;-30:56:0:P
205675,1,1,5;-30:56:0:P
205764,1,1,5;-30:56:0:P
205853,1,1,5;-31:56:0:P
205942,1,1,5;-31:56:0:P
206031,1,1,5;-31:56:0:P
206122,1,1,5;-30:56:8:P
206209,1,1,5;-29:56:0:P
206298,1,1,5;-29:56:0:P
206387,1,1,5;-29:56:0:P
206475,1,1,5;-28:57:0:P
206565,1,1,5;-28:57:0:P
206654,1,1,5;-25:57:0:P
206743,1,1,5;-18:59:0:P
206832,1,1,5;-4:61:0:P
206921,0,1,5;7:63:0:F
207009,1,1,5;0:60:0:P
207099,1,1,5;-3:59:0:P
207188,1,1,5;-8:57:-8:P
207276,1,1,5;2:57:-8:P
207365,1,1,5;14:56:-8:P
207455,1,1,5;23:57:0:P
207544,1,1,5;21:60:0:P
207632,1,1,5;19:62:0:P
207721,1,1,5;17:64:0:P
207811,1,1,5;15:66:0:P
207900,1,1,5;14:66:0:P
207989,1,1,5;14:67:0:P
208077,1,1,5;13:67:0:P
208167,1,1,5;11:67:0:P
208256,1,1,5;9:66:0:P
208345,1,1,5;7:66:0:P
208433,1,1,5;4:65:0:P
208522,1,1,5;2:64:0:P
208612,1,1,5;0:64:-8:P
208701,1,1,5;-2:64:0:P
208789,1,1,5;-4:64:0:P
208878,1,1,5;-2:63:0:P
208967,1,1,5;0:63:0:P
209056,1,1,5;0:62:0:P
209146,1,1,5;1:62:0:P
209235,1,1,5;2:62:0:P
209324,1,1,5;0:61:0:P
209412,1,1,5;0:61:0:P
209501,1,1,5;-2:60:0:P
209590,1,1,5;-4:60:0:P
209679,1,1,5;-6:59:8:P
209768,1,1,5;-7:59:0:P
209857,1,1,5;-8:59:0:P
209946,1,1,5;-9:59:16:P
210035,1,1,5;-10:59:16:P
210129,1,1,5;-11:60:8:P
210213,1,1,5;-12:60:8:P
210302,1,1,5;-13:60:8:P
210391,1,1,5;-13:60:0:P
210480,1,1,5;-14:60:8:P
210569,1,1,5;-15:60:0:P
210658,1,1,5;-16:60:0:P
210748,1,1,5;-17:60:0:P
210836,1,1,5;-18:60:0:P
210925,1,1,5;-19:60:0:P
211014,1,1,5;-19:60:-8:P
211103,1,1,5;-19:60:0:P
211192,1,1,5;-20:61:0:P
211281,1,1,5;-20:61:-8:P
211370,1,1,5;-20:61:0:P
211459,1,1,5;-20:61:0:P
211548,1,1,5;-20:61:0:P
211637,1,1,5;-19:61:0:P
211726,1,1,5;-19:62:0:P
211815,1,1,5;-18:62:0:P
211904,1,1,5;-18:63:0:P
211993,1,1,5;-17:63:0:P
212082,1,1,5;-16:63:0:P
212171,1,1,5;-16:63:0:P
212260,1,1,5;-16:63:8:P
212349,1,1,5;-16:63:0:P
212438,1,1,5;-17:63:0:P
212527,1,1,5;-16:63:0:P
212616,1,1,5;-16:63:-8:P
212705,1,1,5;-14:63:-8:P
212794,1,1,5;-8:61:-79:P
212883,1,1,5;-3:60:0:P
212972,1,1,5;0:58:-88:P
213061,1,1,5;1:56:-56:P
213150,1,1,5;1:53:-56:P
213239,1,1,5;1:51:-24:P
213328,1,1,5;1:50:-24:P
213417,1,1,5;0:49:-16:P
213506,1,1,5;-1:47:-16:P
213595,1,1,5;-2:46:0:P
213684,1,1,5;-2:46:0:P
213773,1,1,5;-2:45:-8:P
213862,1,1,5;-3:44:0:P
213951,1,1,5;-4:44:0:P
214040,1,1,5;-5:43:0:P
214129,1,1,5;-6:43:0:P
214218,1,1,5;-6:43:0:P
214307,1,1,5;-7:43:0:P
214396,1,1,5;-8:43:0:P
214485,1,1,5;-8:44:0:P
214574,1,1,5;-7:44:0:P
214663,1,1,5;-8:45:0:P
214752,1,1,5;-8:46:0:P
214841,1,1,5;-8:47:0:P
214930,1,1,5;-8:48:0:P
215019,1,1,5;-8:49:0:P
215107,1,1,5;-8:49:0:P
215197,1,1,5;-9:49:0:P
215286,1,1,5;-10:49:0:P
215375,1,1,5;-12:49:0:P
215463,1,1,5;-13:49:0:P
215553,1,1,5;-14:49:0:P
215642,1,1,5;-18:49:0:P
215731,1,1,5;-19:50:0:P
215820,1,1,5;-20:50:8:P
215909,1,1,5;-20:50:0:P
215998,1,1,5;-21:50:0:P
216086,1,1,5;-22:51:0:P
216176,1,1,5;-22:52:0:P
216264,1,1,5;-23:52:8:P
216354,1,1,5;-24:52:8:P
216442,1,1,5;-25:52:0:P
216532,1,1,5;-26:52:0:P
216620,1,1,5;-26:52:0:P
#MARCA,216705,4
217082,1,1,5;-27:52:0:P
217083,1,1,5;-28:52:0:P
217084,1,1,5;-28:53:0:P
217095,1,1,5;-27:54:0:P
217096,1,1,5;-26:54:0:P
217154,1,1,5;-24:54:8:P
217243,1,1,5;-16:54:16:P
217332,1,1,5;-9:51:8:P
217421,1,1,5;1:45:24:P
217510,1,1,5;11:38:24:P
217599,1,1,5;12:36:112:P
217688,1,1,5;10:36:0:P
217777,1,1,5;7:37:48:P
217866,1,1,5;13:41:-8:P
217955,1,1,5;16:43:8:P
218044,1,1,5;12:45:0:P
218133,1,1,5;1:49:0:P
218222,1,1,5;-8:53:0:P
218311,1,1,5;-19:55:0:P
218400,1,1,4;-27:56:0:P
218489,1,1,4;-33:56:0:P
218578,1,1,4;-34:57:-8:P
218667,1,1,4;-33:59:0:P
218756,1,1,4;-33:60:-8:P
218845,1,1,4;-33:60:0:P
218934,1,1,4;-32:60:16:P
219023,1,1,4;-31:60:16:P
219112,1,1,4;-31:60:0:P
219201,1,1,4;-31:60:0:P
219290,1,1,4;-31:60:-8:P
219379,1,1,4;-31:60:0:P
219468,1,1,4;-32:60:0:P
219557,1,1,4;-33:61:0:P
219646,1,1,4;-36:61:0:P
219735,1,1,4;-38:62:0:P
219824,1,1,4;-38:62:0:P
219913,1,1,4;-38:62:8:P
220002,1,1,4;-38:61:8:P
220091,1,1,4;-38:61:8:P
220180,1,1,4;-38:61:0:P
220269,1,1,3;-39:60:0:P
220358,1,1,3;-39:60:8:P
220447,1,1,3;-39:60:0:P
220536,1,1,3;-39:60:0:P
220625,1,1,3;-39:60:8:P
220714,1,1,3;-39:60:0:P
220803,1,1,3;-39:60:0:P
220892,1,1,3;-38:60:0:P
220981,1,1,3;-38:60:0:P
221070,1,1,3;-38:60:0:P
221159,1,1,3;-38:60:8:P
221248,1,1,3;-37:60:0:P
221337,1,1,3;-37:60:-8:P
221426,1,1,3;-37:61:0:P
221515,1,1,3;-37:60:-16:P
221604,1,1,3;-37:60:-8:P
221693,1,1,4;-37:59:16:P
221782,1,1,4;-37:58:16:P
221871,1,1,4;-36:58:-8:P
221960,1,1,4;-36:58:0:P
222049,1,1,4;-36:58:-48:P
222138,1,1,4;-36:58:-8:P
222227,1,1,4;-36:58:-8:P
222316,1,1,4;-36:58:-8:P
222405,1,1,4;-36:59:-8:P
222494,1,1,4;-36:58:-8:P
222582,1,1,4;-36:58:-16:P
222672,1,1,4;-37:58:-32:P
222761,1,1,4;-37:58:-8:P
222850,1,1,4;-37:57:-24:P
222939,1,1,4;-38:56:-16:P
223028,1,1,4;-38:56:-16:P
223117,1,1,4;-38:55:-8:P
223206,1,1,4;-38:54:-8:P
223294,1,1,4;-39:53:-8:P
223384,1,1,4;-39:52:-8:P
223472,1,1,4;-39:51:-8:P
223561,1,1,4;-39:50:-8:P
223650,1,1,4;-39:49:-8:P
223739,1,1,4;-39:49:-8:P
223828,1,1,4;-40:48:-8:P
223917,1,1,4;-40:48:8:P
224007,1,1,4;-40:47:8:P
224095,1,1,4;-40:47:16:P
224184,1,1,4;-41:47:16:P
224273,1,1,4;-40:47:24:P
224362,1,1,4;-40:48:24:P
224451,1,1,4;-40:48:32:P
224540,1,1,4;-40:48:32:P
224629,1,1,4;-40:48:8:P
224718,1,1,4;-40:48:-8:P
224807,1,1,4;-40:48:0:P
224896,1,1,4;-40:49:8:P
224985,1,1,4;-39:49:8:P
225074,1,1,4;-38:49:16:P
225163,1,1,4;-37:49:24:P
225252,1,1,4;-36:50:16:P
225341,1,1,4;-36:50:24:P
225430,1,1,4;-36:50:24:P
225519,1,1,4;-35:51:-39:P
225608,1,1,4;-35:51:-16:P
225697,1,1,4;-34:52:-16:P
225786,1,1,4;-34:52:-24:P
225875,1,1,4;-33:52:-8:P
225964,1,1,4;-33:53:-8:P
226053,1,1,4;-33:53:-16:P
226143,1,1,4;-32:53:-8:P
226231,1,1,4;-31:52:-39:P
226320,1,1,4;-30:52:-56:P
226409,1,1,4;-30:52:-8:P
226498,1,1,4;-29:52:8:P
226587,1,1,4;-29:52:8:P
226676,1,1,4;-28:52:8:P
226765,1,1,4;-29:52:8:P
226854,1,1,4;-29:53:0:P
226943,1,1,4;-30:53:0:P
227032,1,1,4;-31:53:-8:P
227121,1,1,4;-31:53:-8:P
227210,1,1,4;-31:53:-8:P
227299,1,1,4;-31:53:-8:P
227388,1,1,4;-31:52:-8:P
227477,1,1,4;-31:52:-16:P
227566,1,1,4;-30:52:-16:P
227655,1,1,4;-30:52:-16:P
227744,1,1,4;-30:52:-8:P
227833,1,1,4;-30:52:0:P
227922,1,1,4;-30:51:0:P
228011,1,1,4;-29:51:8:P
228100,1,1,4;-29:51:16:P
228189,1,1,4;-29:51:0:P
228278,1,1,4;-28:50:8:P
228367,1,1,4;-28:50:0:P
228456,1,1,4;-28:50:0:P
228545,1,1,4;-28:50:8:P
228634,1,1,4;-28:50:8:P
228723,1,1,4;-27:50:-8:P
228812,1,1,4;-27:50:0:P
228901,1,1,4;-27:49:-8:P
228990,1,1,4;-27:49:0:P
229079,1,1,4;-27:49:0:P
229167,1,1,4;-27:49:0:P
229257,1,1,4;-27:49:-8:P
229346,1,1,4;-28:48:0:P
229435,1,1,4;-29:48:0:P
229523,1,1,4;-29:48:0:P
229613,1,1,4;-28:48:0:P
229701,1,1,4;-28:48:8:P
229790,1,1,4;-27:49:0:P
229879,1,1,4;-27:48:0:P
229969,1,1,4;-26:48:8:P
230057,1,1,4;-26:48:8:P
230147,1,1,4;-26:48:8:P
230235,1,1,4;-26:48:8:P
230325,1,1,4;-26:48:8:P
230413,1,1,4;-25:49:8:P
230503,1,1,4;-25:49:8:P
230591,1,1,4;-25:49:0:P
230680,1,1,4;-24:49:0:P
230769,1,1,4;-24:49:0:P
230858,1,1,4;-23:49:-8:P
230947,1,1,4;-23:49:8:P
231037,1,1,4;-22:48:8:P
231125,1,1,4;-21:48:32:P
231214,1,1,4;-20:48:0:P
231303,1,1,4;-21:48:0:P
231392,1,1,4;-21:49:0:P
231482,1,1,4;-21:49:0:P
231570,1,1,4;-22:49:0:P
231659,1,1,4;-22:49:8:P
231748,1,1,4;-20:49:-8:P
231837,1,1,4;-18:49:-39:P
231927,1,1,4;-13:49:0:P
232015,1,1,4;-8:49:-8:P
232105,1,1,4;-3:50:-16:P
232194,1,1,4;1:51:-8:P
232282,1,1,4;4:52:0:P
232371,1,1,4;6:54:0:P
232461,1,1,4;7:54:0:P
232549,1,1,4;7:55:0:P
232638,1,1,4;7:55:0:P
232727,1,1,4;6:55:0:P
232816,1,1,4;6:55:0:P
232905,1,1,4;6:55:0:P
232994,1,1,4;6:55:0:P
233083,1,1,4;5:55:0:P
233172,1,1,4;5:55:8:P
233261,1,1,4;5:55:8:P
233350,1,1,4;4:55:8:P
233439,1,1,4;5:55:8:P
233528,1,1,4;5:56:0:P
233617,1,1,4;4:56:0:P
233706,1,1,4;4:56:0:P
233795,1,1,4;2:56:0:P
233884,1,1,4;1:56:16:P
233973,1,1,4;0:56:0:P
234062,1,1,4;-1:56:-8:P
234151,1,1,4;-4:55:-8:P
234240,1,1,4;-4:55:-8:P
234329,1,1,4;-5:55:-16:P
234418,1,1,4;-5:55:0:P
234507,1,1,4;-6:55:0:P
234596,1,1,4;-7:55:0:P
234685,1,1,4;-8:55:-8:P
234774,1,1,4;-9:55:0:P
234863,1,1,4;-9:55:8:P
234952,1,1,4;-10:54:16:P
235041,1,1,4;-11:54:8:P
235130,1,1,4;-12:54:0:P
235219,1,1,4;-13:53:0:P
235308,1,1,4;-14:53:0:P
235397,1,1,4;-14:53:-8:P
235486,1,1,4;-15:53:-8:P
235575,1,1,4;-15:54:0:P
235664,1,1,4;-15:54:-8:P
235753,1,1,4;-15:53:0:P
235842,1,1,4;-16:53:0:P
235931,1,1,4;-16:53:-8:P
236020,1,1,4;-17:53:0:P
236109,1,1,4;-18:53:0:P
236198,1,1,4;-18:53:0:P
236287,1,1,4;-18:53:8:P
236376,1,1,4;-18:53:0:P
236465,1,1,4;-19:53:0:P
236554,1,1,4;-19:54:0:P
236643,1,1,4;-19:54:0:P
236731,1,1,4;-20:54:0:P
236821,1,1,4;-20:54:0:P
236910,1,1,4;-20:54:0:P
236999,1,1,4;-20:53:8:P
237087,1,1,4;-20:53:24:P
237177,1,1,4;-20:52:8:P
237266,1,1,4;-20:51:0:P
237354,1,1,4;-21:51:8:P
237444,1,1,4;-21:50:-8:P
237532,1,1,4;-21:50:0:P
237621,1,1,4;-21:49:0:P
237710,1,1,4;-21:49:16:P
237799,1,1,4;-22:49:0:P
237888,1,1,4;-22:49:0:P
237977,1,1,4;-23:48:0:P
238066,1,1,4;-23:48:0:P
238156,1,1,4;-23:48:8:P
238244,1,1,4;-23:48:8:P
238334,1,1,4;-23:48:8:P
238422,1,1,4;-23:48:-8:P
238512,1,1,4;-23:48:8:P
238600,1,1,4;-23:48:-16:P
238689,1,1,4;-22:48:-88:P
238778,1,1,4;-20:47:-79:P
238868,1,1,4;-19:46:0:P
238956,1,1,4;-18:46:-32:P
239046,1,1,4;-17:45:-8:P
239134,1,1,4;-16:45:-24:P
239224,1,1,4;-14:45:-16:P
239312,1,1,4;-8:45:-16:P
239401,1,1,4;-2:44:-16:P
239490,1,1,4;3:44:-16:P
239579,1,1,4;7:45:-8:P
239668,1,1,4;11:45:0:P
239757,1,1,4;12:45:0:P
239846,1,1,4;13:45:0:P
239935,1,1,4;14:45:0:P
240024,1,1,4;14:45:0:P
240113,1,1,4;14:45:0:P
240202,1,1,4;14:45:0:P
240291,1,1,4;13:45:0:P
240380,1,1,4;12:45:0:P
240469,1,1,4;10:45:0:P
240558,1,1,4;9:44:0:P
240647,1,1,4;7:44:0:P
240736,1,1,4;2:44:0:P
240825,1,1,4;1:44:8:P
240914,1,1,4;2:44:16:P
241003,1,1,4;3:44:8:P
241092,1,1,4;5:44:24:P
241181,1,1,4;6:45:8:P
241270,1,1,4;7:45:32:P
241359,1,1,4;8:45:32:P
241448,1,1,4;11:46:64:P
241537,1,1,4;12:47:16:P
241626,1,1,4;14:47:16:P
241715,1,1,4;19:47:8:P
241804,1,1,4;24:46:16:P
241893,1,1,4;27:47:-8:P
241982,1,1,4;29:48:0:P
242071,1,1,4;29:48:-16:P
242160,1,1,4;29:48:0:P
242249,1,1,4;28:48:0:P
242338,1,1,4;26:48:-24:P
242427,1,1,4;24:48:0:P
242516,1,1,4;20:48:-32:P
242605,1,1,4;18:47:-112:P
242694,1,1,4;18:46:-112:P
242782,1,1,4;19:45:-24:P
242872,1,1,4;19:45:-24:P
242961,1,1,4;19:45:-16:P
243050,1,1,4;19:44:-8:P
243139,1,1,4;19:44:-8:P
243228,1,1,4;19:43:0:P
243317,1,1,4;19:43:-8:P
243406,1,1,4;19:43:0:P
243495,1,1,4;19:43:0:P
243584,1,1,4;19:42:-24:P
243673,1,1,4;20:42:-8:P
243762,1,1,4;20:42:-16:P
243851,1,1,4;20:42:-16:P
243940,1,1,4;21:42:-16:P
244029,1,1,4;21:42:-24:P
244118,1,1,4;21:41:-32:P
244207,1,1,4;21:41:-32:P
244296,1,1,4;21:41:-16:P
244385,1,1,4;21:40:-16:P
244473,1,1,4;21:40:0:P
244563,1,1,4;21:39:8:P
244652,1,1,4;21:39:8:P
244740,1,1,4;20:38:8:P
244830,1,1,4;20:38:8:P
244918,1,1,4;19:38:8:P
245007,1,1,4;19:38:8:P
245096,1,1,4;19:38:8:P
245186,1,1,4;18:38:0:P
245275,1,1,4;18:38:24:P
245364,1,1,4;18:38:-8:P
245452,1,1,4;17:38:-8:P
245542,1,1,4;17:38:-8:P
245631,1,1,4;16:38:-16:P
245720,1,1,4;16:38:-16:P
245809,1,1,4;16:38:-16:P;-187:205:-32:X
245898,1,1,4;15:37:-16:P;-189:202:-32:X
245986,1,1,4;15:37:-8:P;-191:199:-32:X
246076,1,1,4;14:37:16:P;-191:197:-16:X
246165,1,1,4;14:37:24:P;-192:196:-8:X
246253,1,1,4;13:37:24:P;-192:195:-8:X
246342,1,1,4;13:37:16:P;-193:194:-8:X
246432,1,1,4;13:37:8:P;-193:193:-8:X
246520,1,1,4;12:37:-8:P;-194:193:-8:X
246609,1,1,4;12:37:-8:P;-194:192:-8:X
246698,1,1,4;12:37:-8:P;-194:191:-8:X
246787,1,1,4;12:37:8:P;-195:191:-8:X
246876,1,1,4;12:37:8:P;-195:190:-8:X
246965,1,1,4;12:37:8:P;-196:190:-8:X
247054,1,1,4;12:37:0:P;-196:189:-8:X
247143,1,1,4;12:37:-8:P;-196:188:-8:X
247232,1,1,4;12:37:-8:P;-197:188:-8:X
247321,1,1,4;12:37:-16:P;-197:187:-8:X
247410,1,1,4;12:36:-8:P;-197:187:-8:X
247499,1,1,4;12:36:0:P;-198:186:-8:X
247588,1,1,4;12:36:8:P;-198:186:0:X
247677,1,1,4;12:36:16:P;-198:186:0:X
247766,1,1,4;12:36:8:P;-198:186:0:X
247855,1,1,4;13:35:16:P;-198:186:0:X
247944,1,1,4;13:35:-16:P;-198:186:0:X
248033,1,1,4;14:35:0:P;-198:186:0:X
248122,1,1,4;14:34:8:P;-198:186:0:X
248211,1,1,4;15:34:8:P;-198:186:0:X
248300,1,1,4;16:33:0:P;-198:186:0:X
248389,1,1,4;17:33:-8:P;-198:186:0:X
248478,1,1,4;17:33:8:P;-198:186:0:X
248567,1,1,4;17:34:64:P;-198:186:0:X
248657,1,1,4;17:34:16:P;-198:186:0:X
248745,1,1,4;18:34:16:P;-198:186:0:X
248834,1,1,4;18:34:-8:P;-198:186:0:X
248923,1,1,4;19:34:-8:P;-198:186:0:X
249012,1,1,4;19:34:-8:P;-198:186:0:X
249102,1,1,4;19:34:24:P;-198:186:0:X
249190,1,1,4;20:34:24:P;-198:186:0:X
249279,1,1,4;18:35:8:P;-198:186:0:X
249368,1,1,4;16:36:-8:P;-198:186:0:X
249457,1,1,4;9:39:0:P;-198:186:0:X
249546,1,1,4;1:43:0:P;-198:186:0:X
249635,1,1,4;-4:45:8:P;-198:186:0:X
249724,1,1,4;-10:45:-8:P;-198:186:0:X
249813,1,1,4;-11:45:-8:P;-198:186:0:X
249902,1,1,4;-12:45:32:P;-198:186:0:X
249991,1,1,4;-12:45:-16:P;-201:189:-24:X
250080,1,1,4;-11:45:-8:P;-204:190:-16:X
250169,1,1,4;-9:44:8:P;-208:190:-24:X
250258,1,1,5;-4:42:8:P;-212:190:-24:X
250347,1,1,5;0:40:-8:P;-223:187:-24:X
250436,1,1,5;6:37:-8:P;-233:185:-24:X
250525,1,1,5;9:36:-8:P;-242:183:-24:X
250614,1,1,5;11:36:8:P;-251:181:-24:X
250703,1,1,5;12:36:8:P;-254:180:-24:X
250792,1,1,5;13:35:8:P;-256:180:-24:X
250881,1,1,5;14:35:-8:P;-258:179:-16:X
250970,1,1,5;14:35:-8:P;-260:179:-16:X
251059,1,1,5;15:35:-24:P;-261:178:-16:X
251148,1,1,5;15:34:-39:P;-263:178:-16:X
251237,1,1,5;16:34:-16:P;-264:177:-16:X
251326,1,1,5;16:34:-8:P;-266:177:-16:X
251414,1,1,5;16:34:-8:P;-267:176:-16:X
251504,1,1,5;15:33:-16:P;-268:176:-16:X
251592,1,1,5;14:33:-16:P;-270:175:-16:X
251681,1,1,5;12:33:-16:P;-271:175:-16:X
251771,1,1,5;10:33:-24:P;-272:175:-16:X
251859,1,1,5;8:32:-24:P;-273:174:-16:X
251949,1,1,5;7:32:-8:P;-274:174:-16:X
252037,1,1,5;5:32:8:P;-275:173:-16:X
252147,1,1,5;4:32:16:P;-276:173:-16:X
252215,1,1,5;4:33:0:P;-277:173:-16:X
252304,1,1,5;3:33:0:P
252393,1,1,5;2:33:16:P
252482,1,1,5;1:33:16:P
252571,1,1,5;0:33:8:P
252660,1,1,5;0:33:8:P
252749,1,1,5;-1:34:-8:P
252839,1,1,5;0:33:8:P
252927,1,1,5;0:33:0:P
253016,1,1,5;1:33:-8:P
253105,1,1,5;5:32:8:P
253194,1,1,5;7:31:-8:P
253283,1,1,5;7:31:8:P
253372,1,1,5;7:31:8:P
253461,1,1,5;7:31:8:P
253550,1,1,5;7:31:-8:P
253639,1,1,5;6:31:16:P
253728,1,1,5;5:31:8:P
253817,1,1,5;5:31:8:P
253906,1,1,5;5:31:8:P
253995,1,1,5;6:32:32:P
254084,1,1,5;6:32:-8:P
254173,1,1,5;7:32:0:P
254262,1,1,5;7:31:0:P
254351,1,1,5;7:31:0:P
254440,1,1,5;8:31:8:P
254529,1,1,5;8:31:8:P
254618,1,1,5;8:31:0:P
254707,1,1,5;9:31:0:P
254796,1,1,5;9:31:0:P
254885,1,1,5;10:31:-8:P
254974,1,1,5;10:31:8:P
255063,1,1,5;11:31:8:P
255152,1,1,5;11:30:8:P
255241,1,1,5;11:31:-8:P
255330,1,1,5;12:31:-8:P
255419,1,1,5;12:31:-8:P
255508,1,1,5;12:31:-8:P
255597,1,1,5;12:31:48:P
255686,1,1,5;12:31:0:P
255775,1,1,5;12:31:0:P
255864,1,1,5;12:31:39:P
255953,1,1,5;12:31:-8:P
256042,1,1,5;12:31:-8:P
256153,1,1,5;12:31:-8:P
256220,1,1,5;13:31:-8:P
256309,1,1,5;13:31:-8:P
256398,1,1,5;13:31:-16:P
256487,1,1,5;13:30:8:P
256576,1,1,5;13:30:-16:P
256665,1,1,5;13:30:-16:P
256754,1,1,5;14:30:8:P
256843,1,1,5;14:29:8:P
256932,1,1,5;14:29:8:P
257021,1,1,5;14:29:8:P
257110,1,1,5;14:29:-8:P
257199,1,1,5;14:29:-8:P
257288,1,1,5;15:29:-8:P
257377,1,1,5;15:29:-8:P
257465,1,1,5;15:28:-8:P
257555,1,1,5;15:28:-8:P
257644,1,1,5;15:28:0:P
257733,1,1,5;15:28:8:P
257822,1,1,5;16:28:16:P
257911,1,1,5;16:28:8:P
258000,1,1,5;17:28:8:P
258089,1,1,5;16:28:-16:P
258178,1,1,5;16:28:-16:P
258267,1,1,5;15:28:-16:P
258356,1,1,5;13:28:8:P
258445,1,1,5;13:28:8:P
258534,1,1,5;13:28:8:P
258623,1,1,5;14:28:8:P
258712,1,1,5;15:28:8:P
258801,1,1,5;16:28:8:P
258890,1,1,5;16:27:8:P
258979,1,1,5;15:27:-8:P
259068,1,1,5;13:27:16:P
259157,1,1,5;13:28:16:P
259245,1,1,5;13:28:16:P
259335,1,1,5;13:28:16:P
259424,1,1,5;14:28:-8:P
259513,1,1,5;14:28:0:P
259601,1,1,5;14:28:-16:P
259691,1,1,5;13:28:-16:P
259779,1,1,5;11:27:-16:P
259868,1,1,5;10:27:8:P
259957,1,1,5;8:27:-16:P
260046,1,1,5;7:27:-8:P
260143,1,1,5;6:27:-8:P
260224,1,1,5;5:27:-8:P
260313,1,1,5;4:27:-8:P
260402,1,1,5;3:27:24:P
260491,1,1,5;2:27:64:P
260580,1,1,6;2:27:-8:P
260670,1,1,6;3:27:-8:P
260758,1,1,6;4:28:-8:P
260847,1,1,6;5:28:8:P
260936,1,1,6;6:28:0:P
261025,1,1,6;6:28:16:P
261114,1,1,6;9:28:8:P
261203,1,1,6;11:28:8:P
261292,1,1,6;13:28:8:P
261382,1,1,6;13:28:8:P
261470,1,1,6;14:28:16:P
261559,1,1,6;15:28:16:P
261648,1,1,6;15:28:-8:P
261737,1,1,6;16:29:-8:P
261826,1,1,6;16:29:-16:P
261915,1,1,6;17:29:-8:P
262004,1,1,6;17:29:8:P
262093,1,1,6;18:29:0:P
262182,1,1,6;18:29:0:P
262271,1,1,6;19:29:-16:P
262360,1,1,6;19:29:-16:P
262449,1,1,6;20:29:-8:P
262538,1,1,6;20:29:-8:P
262627,1,1,6;19:29:0:P
262716,1,1,6;19:29:-16:P
262805,1,1,6;20:28:-8:P
262894,1,1,6;20:28:-8:P
262983,1,1,6;19:28:8:P
263072,1,1,6;19:28:0:P
263161,1,1,6;19:28:8:P
263250,1,1,6;19:28:0:P
263339,1,1,6;19:28:8:P
263428,1,1,6;20:28:-8:P
263517,1,1,6;20:28:-8:P
263606,1,1,6;20:28:-8:P
263695,1,1,6;20:28:-8:P
263784,1,1,6;20:28:-8:P
263873,1,1,6;20:28:-16:P
263962,1,1,6;19:28:-24:P
264051,1,1,6;19:27:-16:P
264152,1,1,6;19:27:-16:P
264229,1,1,6;18:27:-8:P
264318,1,1,6;18:27:16:P
264407,1,1,6;18:27:8:P
264496,1,1,6;18:27:8:P
264585,1,1,6;17:27:0:P
264674,1,1,6;17:27:-8:P
264763,1,1,6;17:26:-16:P
264852,1,1,6;17:26:-16:P
264940,1,1,6;17:26:-16:P
265030,1,1,6;16:25:-16:P
265119,1,1,6;16:25:8:P
265208,1,1,6;15:25:8:P
265297,1,1,6;14:26:8:P
265385,1,1,6;13:26:8:P
265475,1,1,6;13:26:8:P
265564,1,1,6;12:27:8:P
265652,1,1,6;11:27:8:P
265742,1,1,6;11:27:24:P
265831,1,1,6;10:27:32:P
265920,1,1,6;10:26:56:P
266009,1,1,6;9:27:72:P
266098,1,1,6;9:27:48:P
266186,1,1,6;9:27:48:P
266276,1,1,6;9:28:39:P
266365,1,1,6;9:29:39:P
266453,1,1,6;9:29:24:P
266542,1,1,6;9:30:8:P
266631,1,1,6;8:31:8:P
266720,1,1,6;8:32:8:P
266810,1,1,6;7:32:0:P
266898,1,1,6;6:32:8:P
266987,1,1,6;6:32:-8:P
267076,1,1,6;5:31:-8:P
267165,1,1,6;5:31:64:P
267254,1,1,6;6:30:72:P
267343,1,1,6;6:30:0:P
267432,1,1,6;6:30:-8:P
267521,1,1,6;6:31:0:P
267610,1,1,6;5:32:8:P
267699,1,1,6;5:32:0:P
267788,1,1,6;4:33:8:P
267877,1,1,6;4:33:0:P
267966,1,1,6;3:33:0:P
268055,1,1,6;3:34:0:P
268159,1,1,6;3:34:0:P
268233,1,1,6;3:34:0:P
268322,1,1,6;4:35:-8:P
268411,1,1,6;4:35:8:P
268500,1,1,6;4:35:8:P
268589,1,1,6;3:36:8:P
268678,1,1,6;3:36:-39:P
268767,1,1,6;3:35:-16:P
268856,1,1,6;2:35:-8:P
268945,1,1,6;1:35:-16:P
269034,1,1,6;0:35:-16:P
269123,1,1,6;0:36:-16:P
269212,1,1,6;0:36:8:P
269301,1,1,6;-1:36:8:P
269390,1,1,6;-2:36:8:P
269479,1,1,6;-3:36:8:P
269568,1,1,6;-4:36:8:P
269657,1,1,6;-5:36:0:P
269746,1,1,6;-5:36:0:P
269835,1,1,6;-6:35:-8:P
269924,1,1,6;-6:35:8:P
270013,1,1,6;-6:35:0:P
270102,1,1,6;-6:35:16:P
#AVVIO,1331
1448,0,0,0
1537,0,0,0
1626,0,0,0
1715,0,0,0
1804,0,0,0
1893,0,0,0
1982,0,0,0
2071,1,0,0;27:34:-8:P
2160,1,1,0;27:34:-8:P
2249,1,1,0;27:34:-8:P
2338,1,1,0;27:34:-8:P
2427,1,1,0;27:34:-16:P
2516,1,1,0;26:34:-16:P
2605,1,1,0;26:34:-8:P
2694,1,1,0;26:34:-8:P
2783,1,1,0;25:34:0:P
2872,1,1,0;24:35:0:P
2961,1,1,0;24:35:8:P
3050,1,1,0;25:35:8:P
3139,1,1,0;25:35:0:P
3228,1,1,0;25:35:0:P
3317,1,1,0;25:35:0:P
3406,1,1,0;25:35:0:P
3495,1,1,0;25:35:0:P
3584,1,1,0;25:35:0:P
3673,1,1,0;25:35:0:P
3762,1,1,0;25:35:0:P
3851,1,1,0;25:35:-8:P
3940,0,1,1;25:34:0:F
4029,0,1,1;25:34:0:F
4118,0,1,1;24:34:0:F
4207,0,1,1;24:33:0:F
4296,0,1,1;24:33:0:F
4385,0,1,1;24:33:0:F
4473,0,1,1;23:33:0:F
4563,0,1,1;22:33:0:F
4652,0,1,1;22:32:0:F
4741,0,1,1;22:32:0:F
4830,0,1,1;22:32:0:F
4919,0,1,1;21:33:0:F
5007,0,1,1;21:33:0:F
5097,0,1,1;21:33:0:F
5185,0,1,1;21:32:8:F
5275,0,1,1;21:32:0:F
5363,0,1,1;22:32:-8:F
5453,0,1,1;22:31:0:F
5542,0,1,1;22:31:0:F
5631,0,1,1;22:31:0:F
5719,0,1,1;22:32:0:F
5808,0,1,1;23:32:0:F
5898,0,1,1;23:32:0:F
5986,0,1,1;23:32:0:F
6076,0,1,1;23:32:0:F
6164,0,1,1;23:32:0:F
6253,0,1,1;23:32:0:F
6343,0,1,1;23:32:0:F
6431,1,1,0;23:32:0:P
6521,1,1,0;22:33:0:P
6609,1,1,0;22:33:0:P
6699,1,1,0;21:33:0:P
6788,1,1,0;21:33:8:P
6876,1,1,0;20:33:0:P
6966,1,1,0;20:33:0:P
7054,1,1,0;20:33:0:P
7143,1,1,0;19:34:-8:P
7232,1,1,0;19:34:0:P
7322,1,1,0;19:34:-8:P
7410,1,1,0;19:34:-8:P
7500,1,1,0;19:34:0:P
7588,1,1,0;19:33:0:P
7677,1,1,0;19:33:0:P
7766,1,1,0;19:33:-16:P
7855,1,1,0;19:33:-8:P
7944,1,1,0;19:33:8:P
8035,1,1,0;18:33:0:P
8122,1,1,0;18:33:0:P
8211,1,1,0;18:33:0:P
8300,1,1,0;18:33:0:P
8389,1,1,0;18:33:0:P
8478,1,1,0;18:33:0:P
8567,1,1,0;18:33:0:P
8656,1,1,0;18:33:0:P
8745,1,1,0;18:33:0:P
8834,1,1,0;17:33:0:P
8923,1,1,0;17:33:0:P
9012,1,1,0;17:33:0:P
9101,1,1,0;17:33:0:P
9190,1,1,0;17:33:0:P
9279,1,1,0;17:33:0:P
9368,1,1,0;17:33:0:P
9457,1,1,0;16:34:0:P
9546,1,1,0;16:34:0:P
9635,1,1,0;16:34:0:P
9724,1,1,0;16:34:0:P
9813,1,1,0;16:34:0:P
9902,1,1,0;16:34:0:P
9991,1,1,0;16:34:0:P
10080,1,1,0;16:34:8:P
10169,1,1,0;16:34:0:P
10258,1,1,0;16:34:0:P
10347,1,1,0;16:34:0:P
10436,1,1,0;16:34:0:P
10525,1,1,0;16:34:8:P
10614,1,1,0;16:34:0:P
10703,1,1,0;16:34:0:P
10792,1,1,0;16:33:0:P
10881,1,1,0;16:33:0:P
10970,1,1,0;16:32:0:P
11059,1,1,0;15:31:0:P
